Id,BoxID,layer,path,Buff_dist
0,1,GreenlandPeriph_BoxesUpdated,/Users/julialiu/Documents/M_Thesis/PS_original/Gr_boxes/GreenlandPeriph_BoxesUpdated.shp,1766.0844
0,2,GreenlandPeriph_BoxesUpdated,/Users/julialiu/Documents/M_Thesis/PS_original/Gr_boxes/GreenlandPeriph_BoxesUpdated.shp,6741.2528
0,3,GreenlandPeriph_BoxesUpdated,/Users/julialiu/Documents/M_Thesis/PS_original/Gr_boxes/GreenlandPeriph_BoxesUpdated.shp,7976.9856
0,4,GreenlandPeriph_BoxesUpdated,/Users/julialiu/Documents/M_Thesis/PS_original/Gr_boxes/GreenlandPeriph_BoxesUpdated.shp,7112.7473
0,5,GreenlandPeriph_BoxesUpdated,/Users/julialiu/Documents/M_Thesis/PS_original/Gr_boxes/GreenlandPeriph_BoxesUpdated.shp,11346.987
0,6,GreenlandPeriph_BoxesUpdated,/Users/julialiu/Documents/M_Thesis/PS_original/Gr_boxes/GreenlandPeriph_BoxesUpdated.shp,3902.4192
0,7,GreenlandPeriph_BoxesUpdated,/Users/julialiu/Documents/M_Thesis/PS_original/Gr_boxes/GreenlandPeriph_BoxesUpdated.shp,9710.7138
0,8,GreenlandPeriph_BoxesUpdated,/Users/julialiu/Documents/M_Thesis/PS_original/Gr_boxes/GreenlandPeriph_BoxesUpdated.shp,13857.632
0,9,GreenlandPeriph_BoxesUpdated,/Users/julialiu/Documents/M_Thesis/PS_original/Gr_boxes/GreenlandPeriph_BoxesUpdated.shp,8967.1279
0,10,GreenlandPeriph_BoxesUpdated,/Users/julialiu/Documents/M_Thesis/PS_original/Gr_boxes/GreenlandPeriph_BoxesUpdated.shp,4663.3434
0,11,GreenlandPeriph_BoxesUpdated,/Users/julialiu/Documents/M_Thesis/PS_original/Gr_boxes/GreenlandPeriph_BoxesUpdated.shp,5217.6739
0,12,GreenlandPeriph_BoxesUpdated,/Users/julialiu/Documents/M_Thesis/PS_original/Gr_boxes/GreenlandPeriph_BoxesUpdated.shp,4942.8498
0,13,GreenlandPeriph_BoxesUpdated,/Users/julialiu/Documents/M_Thesis/PS_original/Gr_boxes/GreenlandPeriph_BoxesUpdated.shp,4599.7753
0,14,GreenlandPeriph_BoxesUpdated,/Users/julialiu/Documents/M_Thesis/PS_original/Gr_boxes/GreenlandPeriph_BoxesUpdated.shp,4069.762
0,15,GreenlandPeriph_BoxesUpdated,/Users/julialiu/Documents/M_Thesis/PS_original/Gr_boxes/GreenlandPeriph_BoxesUpdated.shp,3499.16
0,16,GreenlandPeriph_BoxesUpdated,/Users/julialiu/Documents/M_Thesis/PS_original/Gr_boxes/GreenlandPeriph_BoxesUpdated.shp,2055.9315
0,17,GreenlandPeriph_BoxesUpdated,/Users/julialiu/Documents/M_Thesis/PS_original/Gr_boxes/GreenlandPeriph_BoxesUpdated.shp,4147.8616
0,18,GreenlandPeriph_BoxesUpdated,/Users/julialiu/Documents/M_Thesis/PS_original/Gr_boxes/GreenlandPeriph_BoxesUpdated.shp,8127.1474
0,19,GreenlandPeriph_BoxesUpdated,/Users/julialiu/Documents/M_Thesis/PS_original/Gr_boxes/GreenlandPeriph_BoxesUpdated.shp,13162.87
0,20,GreenlandPeriph_BoxesUpdated,/Users/julialiu/Documents/M_Thesis/PS_original/Gr_boxes/GreenlandPeriph_BoxesUpdated.shp,1786.0893
0,21,GreenlandPeriph_BoxesUpdated,/Users/julialiu/Documents/M_Thesis/PS_original/Gr_boxes/GreenlandPeriph_BoxesUpdated.shp,1427.95
0,22,GreenlandPeriph_BoxesUpdated,/Users/julialiu/Documents/M_Thesis/PS_original/Gr_boxes/GreenlandPeriph_BoxesUpdated.shp,1573.2587
0,23,GreenlandPeriph_BoxesUpdated,/Users/julialiu/Documents/M_Thesis/PS_original/Gr_boxes/GreenlandPeriph_BoxesUpdated.shp,1780.0036
0,24,GreenlandPeriph_BoxesUpdated,/Users/julialiu/Documents/M_Thesis/PS_original/Gr_boxes/GreenlandPeriph_BoxesUpdated.shp,2806.8558
0,25,GreenlandPeriph_BoxesUpdated,/Users/julialiu/Documents/M_Thesis/PS_original/Gr_boxes/GreenlandPeriph_BoxesUpdated.shp,4327.1569
0,26,GreenlandPeriph_BoxesUpdated,/Users/julialiu/Documents/M_Thesis/PS_original/Gr_boxes/GreenlandPeriph_BoxesUpdated.shp,3188.5795
0,27,GreenlandPeriph_BoxesUpdated,/Users/julialiu/Documents/M_Thesis/PS_original/Gr_boxes/GreenlandPeriph_BoxesUpdated.shp,1265.094
0,28,GreenlandPeriph_BoxesUpdated,/Users/julialiu/Documents/M_Thesis/PS_original/Gr_boxes/GreenlandPeriph_BoxesUpdated.shp,1807.1414
0,29,GreenlandPeriph_BoxesUpdated,/Users/julialiu/Documents/M_Thesis/PS_original/Gr_boxes/GreenlandPeriph_BoxesUpdated.shp,1391.3055
0,30,GreenlandPeriph_BoxesUpdated,/Users/julialiu/Documents/M_Thesis/PS_original/Gr_boxes/GreenlandPeriph_BoxesUpdated.shp,1563.5272
0,31,GreenlandPeriph_BoxesUpdated,/Users/julialiu/Documents/M_Thesis/PS_original/Gr_boxes/GreenlandPeriph_BoxesUpdated.shp,2969.9895
0,32,GreenlandPeriph_BoxesUpdated,/Users/julialiu/Documents/M_Thesis/PS_original/Gr_boxes/GreenlandPeriph_BoxesUpdated.shp,1323.0724
0,33,GreenlandPeriph_BoxesUpdated,/Users/julialiu/Documents/M_Thesis/PS_original/Gr_boxes/GreenlandPeriph_BoxesUpdated.shp,5424.6306
0,34,GreenlandPeriph_BoxesUpdated,/Users/julialiu/Documents/M_Thesis/PS_original/Gr_boxes/GreenlandPeriph_BoxesUpdated.shp,3717.9844
0,35,GreenlandPeriph_BoxesUpdated,/Users/julialiu/Documents/M_Thesis/PS_original/Gr_boxes/GreenlandPeriph_BoxesUpdated.shp,2480.9935
0,36,GreenlandPeriph_BoxesUpdated,/Users/julialiu/Documents/M_Thesis/PS_original/Gr_boxes/GreenlandPeriph_BoxesUpdated.shp,3417.3183
0,37,GreenlandPeriph_BoxesUpdated,/Users/julialiu/Documents/M_Thesis/PS_original/Gr_boxes/GreenlandPeriph_BoxesUpdated.shp,1734.5358
0,38,GreenlandPeriph_BoxesUpdated,/Users/julialiu/Documents/M_Thesis/PS_original/Gr_boxes/GreenlandPeriph_BoxesUpdated.shp,3551.1142
0,39,GreenlandPeriph_BoxesUpdated,/Users/julialiu/Documents/M_Thesis/PS_original/Gr_boxes/GreenlandPeriph_BoxesUpdated.shp,4757.076
0,40,GreenlandPeriph_BoxesUpdated,/Users/julialiu/Documents/M_Thesis/PS_original/Gr_boxes/GreenlandPeriph_BoxesUpdated.shp,3035.2764
0,41,GreenlandPeriph_BoxesUpdated,/Users/julialiu/Documents/M_Thesis/PS_original/Gr_boxes/GreenlandPeriph_BoxesUpdated.shp,2280.0829
0,42,GreenlandPeriph_BoxesUpdated,/Users/julialiu/Documents/M_Thesis/PS_original/Gr_boxes/GreenlandPeriph_BoxesUpdated.shp,2898.0987
0,43,GreenlandPeriph_BoxesUpdated,/Users/julialiu/Documents/M_Thesis/PS_original/Gr_boxes/GreenlandPeriph_BoxesUpdated.shp,3324.6549
0,44,GreenlandPeriph_BoxesUpdated,/Users/julialiu/Documents/M_Thesis/PS_original/Gr_boxes/GreenlandPeriph_BoxesUpdated.shp,1694.0728
0,45,GreenlandPeriph_BoxesUpdated,/Users/julialiu/Documents/M_Thesis/PS_original/Gr_boxes/GreenlandPeriph_BoxesUpdated.shp,2577.7154
0,46,GreenlandPeriph_BoxesUpdated,/Users/julialiu/Documents/M_Thesis/PS_original/Gr_boxes/GreenlandPeriph_BoxesUpdated.shp,2353.4936
0,47,GreenlandPeriph_BoxesUpdated,/Users/julialiu/Documents/M_Thesis/PS_original/Gr_boxes/GreenlandPeriph_BoxesUpdated.shp,1800.2651
0,48,GreenlandPeriph_BoxesUpdated,/Users/julialiu/Documents/M_Thesis/PS_original/Gr_boxes/GreenlandPeriph_BoxesUpdated.shp,2002.6501
0,49,GreenlandPeriph_BoxesUpdated,/Users/julialiu/Documents/M_Thesis/PS_original/Gr_boxes/GreenlandPeriph_BoxesUpdated.shp,2143.8453
0,50,GreenlandPeriph_BoxesUpdated,/Users/julialiu/Documents/M_Thesis/PS_original/Gr_boxes/GreenlandPeriph_BoxesUpdated.shp,1765.3035
0,51,GreenlandPeriph_BoxesUpdated,/Users/julialiu/Documents/M_Thesis/PS_original/Gr_boxes/GreenlandPeriph_BoxesUpdated.shp,1235.7124
0,52,GreenlandPeriph_BoxesUpdated,/Users/julialiu/Documents/M_Thesis/PS_original/Gr_boxes/GreenlandPeriph_BoxesUpdated.shp,1420.164
0,53,GreenlandPeriph_BoxesUpdated,/Users/julialiu/Documents/M_Thesis/PS_original/Gr_boxes/GreenlandPeriph_BoxesUpdated.shp,1240.4027
0,54,GreenlandPeriph_BoxesUpdated,/Users/julialiu/Documents/M_Thesis/PS_original/Gr_boxes/GreenlandPeriph_BoxesUpdated.shp,1517.8025
0,55,GreenlandPeriph_BoxesUpdated,/Users/julialiu/Documents/M_Thesis/PS_original/Gr_boxes/GreenlandPeriph_BoxesUpdated.shp,1229.9295
0,56,GreenlandPeriph_BoxesUpdated,/Users/julialiu/Documents/M_Thesis/PS_original/Gr_boxes/GreenlandPeriph_BoxesUpdated.shp,1204.8296
0,57,GreenlandPeriph_BoxesUpdated,/Users/julialiu/Documents/M_Thesis/PS_original/Gr_boxes/GreenlandPeriph_BoxesUpdated.shp,1117.5285
0,58,GreenlandPeriph_BoxesUpdated,/Users/julialiu/Documents/M_Thesis/PS_original/Gr_boxes/GreenlandPeriph_BoxesUpdated.shp,775.76913
0,59,GreenlandPeriph_BoxesUpdated,/Users/julialiu/Documents/M_Thesis/PS_original/Gr_boxes/GreenlandPeriph_BoxesUpdated.shp,1309.5437
0,60,GreenlandPeriph_BoxesUpdated,/Users/julialiu/Documents/M_Thesis/PS_original/Gr_boxes/GreenlandPeriph_BoxesUpdated.shp,1052.9058
0,61,GreenlandPeriph_BoxesUpdated,/Users/julialiu/Documents/M_Thesis/PS_original/Gr_boxes/GreenlandPeriph_BoxesUpdated.shp,937.42641
0,62,GreenlandPeriph_BoxesUpdated,/Users/julialiu/Documents/M_Thesis/PS_original/Gr_boxes/GreenlandPeriph_BoxesUpdated.shp,1673.5249
0,63,GreenlandPeriph_BoxesUpdated,/Users/julialiu/Documents/M_Thesis/PS_original/Gr_boxes/GreenlandPeriph_BoxesUpdated.shp,1413.2935
0,64,GreenlandPeriph_BoxesUpdated,/Users/julialiu/Documents/M_Thesis/PS_original/Gr_boxes/GreenlandPeriph_BoxesUpdated.shp,1226.1949
0,65,GreenlandPeriph_BoxesUpdated,/Users/julialiu/Documents/M_Thesis/PS_original/Gr_boxes/GreenlandPeriph_BoxesUpdated.shp,2741.737
0,66,GreenlandPeriph_BoxesUpdated,/Users/julialiu/Documents/M_Thesis/PS_original/Gr_boxes/GreenlandPeriph_BoxesUpdated.shp,748.31715
0,67,GreenlandPeriph_BoxesUpdated,/Users/julialiu/Documents/M_Thesis/PS_original/Gr_boxes/GreenlandPeriph_BoxesUpdated.shp,2625.889
0,68,GreenlandPeriph_BoxesUpdated,/Users/julialiu/Documents/M_Thesis/PS_original/Gr_boxes/GreenlandPeriph_BoxesUpdated.shp,1237.7253
0,69,GreenlandPeriph_BoxesUpdated,/Users/julialiu/Documents/M_Thesis/PS_original/Gr_boxes/GreenlandPeriph_BoxesUpdated.shp,1180.5467
0,70,GreenlandPeriph_BoxesUpdated,/Users/julialiu/Documents/M_Thesis/PS_original/Gr_boxes/GreenlandPeriph_BoxesUpdated.shp,2350.0988
0,71,GreenlandPeriph_BoxesUpdated,/Users/julialiu/Documents/M_Thesis/PS_original/Gr_boxes/GreenlandPeriph_BoxesUpdated.shp,1094.1204
0,72,GreenlandPeriph_BoxesUpdated,/Users/julialiu/Documents/M_Thesis/PS_original/Gr_boxes/GreenlandPeriph_BoxesUpdated.shp,1841.4606
0,73,GreenlandPeriph_BoxesUpdated,/Users/julialiu/Documents/M_Thesis/PS_original/Gr_boxes/GreenlandPeriph_BoxesUpdated.shp,2057.2276
0,74,GreenlandPeriph_BoxesUpdated,/Users/julialiu/Documents/M_Thesis/PS_original/Gr_boxes/GreenlandPeriph_BoxesUpdated.shp,1070.2152
0,75,GreenlandPeriph_BoxesUpdated,/Users/julialiu/Documents/M_Thesis/PS_original/Gr_boxes/GreenlandPeriph_BoxesUpdated.shp,1560.265
0,76,GreenlandPeriph_BoxesUpdated,/Users/julialiu/Documents/M_Thesis/PS_original/Gr_boxes/GreenlandPeriph_BoxesUpdated.shp,1486.3313
0,77,GreenlandPeriph_BoxesUpdated,/Users/julialiu/Documents/M_Thesis/PS_original/Gr_boxes/GreenlandPeriph_BoxesUpdated.shp,891.84605
0,78,GreenlandPeriph_BoxesUpdated,/Users/julialiu/Documents/M_Thesis/PS_original/Gr_boxes/GreenlandPeriph_BoxesUpdated.shp,827.48602
0,79,GreenlandPeriph_BoxesUpdated,/Users/julialiu/Documents/M_Thesis/PS_original/Gr_boxes/GreenlandPeriph_BoxesUpdated.shp,1418.8154
0,80,GreenlandPeriph_BoxesUpdated,/Users/julialiu/Documents/M_Thesis/PS_original/Gr_boxes/GreenlandPeriph_BoxesUpdated.shp,1330.7219
0,81,GreenlandPeriph_BoxesUpdated,/Users/julialiu/Documents/M_Thesis/PS_original/Gr_boxes/GreenlandPeriph_BoxesUpdated.shp,759.35457
0,82,GreenlandPeriph_BoxesUpdated,/Users/julialiu/Documents/M_Thesis/PS_original/Gr_boxes/GreenlandPeriph_BoxesUpdated.shp,2809.1205
0,83,GreenlandPeriph_BoxesUpdated,/Users/julialiu/Documents/M_Thesis/PS_original/Gr_boxes/GreenlandPeriph_BoxesUpdated.shp,1608.6328
0,84,GreenlandPeriph_BoxesUpdated,/Users/julialiu/Documents/M_Thesis/PS_original/Gr_boxes/GreenlandPeriph_BoxesUpdated.shp,1267.7886
0,85,GreenlandPeriph_BoxesUpdated,/Users/julialiu/Documents/M_Thesis/PS_original/Gr_boxes/GreenlandPeriph_BoxesUpdated.shp,1016.1019
0,86,GreenlandPeriph_BoxesUpdated,/Users/julialiu/Documents/M_Thesis/PS_original/Gr_boxes/GreenlandPeriph_BoxesUpdated.shp,2845.906
0,87,GreenlandPeriph_BoxesUpdated,/Users/julialiu/Documents/M_Thesis/PS_original/Gr_boxes/GreenlandPeriph_BoxesUpdated.shp,1985.9351
0,88,GreenlandPeriph_BoxesUpdated,/Users/julialiu/Documents/M_Thesis/PS_original/Gr_boxes/GreenlandPeriph_BoxesUpdated.shp,928.98718
0,89,GreenlandPeriph_BoxesUpdated,/Users/julialiu/Documents/M_Thesis/PS_original/Gr_boxes/GreenlandPeriph_BoxesUpdated.shp,1300.385
0,90,GreenlandPeriph_BoxesUpdated,/Users/julialiu/Documents/M_Thesis/PS_original/Gr_boxes/GreenlandPeriph_BoxesUpdated.shp,1284.8595
0,91,GreenlandPeriph_BoxesUpdated,/Users/julialiu/Documents/M_Thesis/PS_original/Gr_boxes/GreenlandPeriph_BoxesUpdated.shp,1806.6369
0,92,GreenlandPeriph_BoxesUpdated,/Users/julialiu/Documents/M_Thesis/PS_original/Gr_boxes/GreenlandPeriph_BoxesUpdated.shp,2248.3577
0,93,GreenlandPeriph_BoxesUpdated,/Users/julialiu/Documents/M_Thesis/PS_original/Gr_boxes/GreenlandPeriph_BoxesUpdated.shp,2040.8246
0,94,GreenlandPeriph_BoxesUpdated,/Users/julialiu/Documents/M_Thesis/PS_original/Gr_boxes/GreenlandPeriph_BoxesUpdated.shp,1402.1325
0,95,GreenlandPeriph_BoxesUpdated,/Users/julialiu/Documents/M_Thesis/PS_original/Gr_boxes/GreenlandPeriph_BoxesUpdated.shp,1087.506
0,96,GreenlandPeriph_BoxesUpdated,/Users/julialiu/Documents/M_Thesis/PS_original/Gr_boxes/GreenlandPeriph_BoxesUpdated.shp,907.66539
0,97,GreenlandPeriph_BoxesUpdated,/Users/julialiu/Documents/M_Thesis/PS_original/Gr_boxes/GreenlandPeriph_BoxesUpdated.shp,1603.9723
0,98,GreenlandPeriph_BoxesUpdated,/Users/julialiu/Documents/M_Thesis/PS_original/Gr_boxes/GreenlandPeriph_BoxesUpdated.shp,1300.6573
0,99,GreenlandPeriph_BoxesUpdated,/Users/julialiu/Documents/M_Thesis/PS_original/Gr_boxes/GreenlandPeriph_BoxesUpdated.shp,2039.3406
0,100,GreenlandPeriph_BoxesUpdated,/Users/julialiu/Documents/M_Thesis/PS_original/Gr_boxes/GreenlandPeriph_BoxesUpdated.shp,3567.649
0,101,GreenlandPeriph_BoxesUpdated,/Users/julialiu/Documents/M_Thesis/PS_original/Gr_boxes/GreenlandPeriph_BoxesUpdated.shp,2577.3641
0,102,GreenlandPeriph_BoxesUpdated,/Users/julialiu/Documents/M_Thesis/PS_original/Gr_boxes/GreenlandPeriph_BoxesUpdated.shp,2270.9894
0,103,GreenlandPeriph_BoxesUpdated,/Users/julialiu/Documents/M_Thesis/PS_original/Gr_boxes/GreenlandPeriph_BoxesUpdated.shp,1390.7125
0,104,GreenlandPeriph_BoxesUpdated,/Users/julialiu/Documents/M_Thesis/PS_original/Gr_boxes/GreenlandPeriph_BoxesUpdated.shp,2250.0332
0,105,GreenlandPeriph_BoxesUpdated,/Users/julialiu/Documents/M_Thesis/PS_original/Gr_boxes/GreenlandPeriph_BoxesUpdated.shp,976.90074
0,106,GreenlandPeriph_BoxesUpdated,/Users/julialiu/Documents/M_Thesis/PS_original/Gr_boxes/GreenlandPeriph_BoxesUpdated.shp,1218.0594
0,107,GreenlandPeriph_BoxesUpdated,/Users/julialiu/Documents/M_Thesis/PS_original/Gr_boxes/GreenlandPeriph_BoxesUpdated.shp,999.26651
0,108,GreenlandPeriph_BoxesUpdated,/Users/julialiu/Documents/M_Thesis/PS_original/Gr_boxes/GreenlandPeriph_BoxesUpdated.shp,1029.7603
0,109,GreenlandPeriph_BoxesUpdated,/Users/julialiu/Documents/M_Thesis/PS_original/Gr_boxes/GreenlandPeriph_BoxesUpdated.shp,1259.6176
0,110,GreenlandPeriph_BoxesUpdated,/Users/julialiu/Documents/M_Thesis/PS_original/Gr_boxes/GreenlandPeriph_BoxesUpdated.shp,2493.4912
0,111,GreenlandPeriph_BoxesUpdated,/Users/julialiu/Documents/M_Thesis/PS_original/Gr_boxes/GreenlandPeriph_BoxesUpdated.shp,1279.845
0,112,GreenlandPeriph_BoxesUpdated,/Users/julialiu/Documents/M_Thesis/PS_original/Gr_boxes/GreenlandPeriph_BoxesUpdated.shp,1343.3827
0,113,GreenlandPeriph_BoxesUpdated,/Users/julialiu/Documents/M_Thesis/PS_original/Gr_boxes/GreenlandPeriph_BoxesUpdated.shp,2236.0511
0,114,GreenlandPeriph_BoxesUpdated,/Users/julialiu/Documents/M_Thesis/PS_original/Gr_boxes/GreenlandPeriph_BoxesUpdated.shp,1862.626
0,115,GreenlandPeriph_BoxesUpdated,/Users/julialiu/Documents/M_Thesis/PS_original/Gr_boxes/GreenlandPeriph_BoxesUpdated.shp,3577.5709
0,116,GreenlandPeriph_BoxesUpdated,/Users/julialiu/Documents/M_Thesis/PS_original/Gr_boxes/GreenlandPeriph_BoxesUpdated.shp,2912.7685
0,117,GreenlandPeriph_BoxesUpdated,/Users/julialiu/Documents/M_Thesis/PS_original/Gr_boxes/GreenlandPeriph_BoxesUpdated.shp,4631.5793
0,118,GreenlandPeriph_BoxesUpdated,/Users/julialiu/Documents/M_Thesis/PS_original/Gr_boxes/GreenlandPeriph_BoxesUpdated.shp,1368.9059
0,119,GreenlandPeriph_BoxesUpdated,/Users/julialiu/Documents/M_Thesis/PS_original/Gr_boxes/GreenlandPeriph_BoxesUpdated.shp,1553.1841
0,120,GreenlandPeriph_BoxesUpdated,/Users/julialiu/Documents/M_Thesis/PS_original/Gr_boxes/GreenlandPeriph_BoxesUpdated.shp,1720.8994
0,121,GreenlandPeriph_BoxesUpdated,/Users/julialiu/Documents/M_Thesis/PS_original/Gr_boxes/GreenlandPeriph_BoxesUpdated.shp,2182.5796
0,122,GreenlandPeriph_BoxesUpdated,/Users/julialiu/Documents/M_Thesis/PS_original/Gr_boxes/GreenlandPeriph_BoxesUpdated.shp,1678.5096
0,123,GreenlandPeriph_BoxesUpdated,/Users/julialiu/Documents/M_Thesis/PS_original/Gr_boxes/GreenlandPeriph_BoxesUpdated.shp,1327.9709
0,124,GreenlandPeriph_BoxesUpdated,/Users/julialiu/Documents/M_Thesis/PS_original/Gr_boxes/GreenlandPeriph_BoxesUpdated.shp,1535.4463
0,125,GreenlandPeriph_BoxesUpdated,/Users/julialiu/Documents/M_Thesis/PS_original/Gr_boxes/GreenlandPeriph_BoxesUpdated.shp,1436.9909
0,126,GreenlandPeriph_BoxesUpdated,/Users/julialiu/Documents/M_Thesis/PS_original/Gr_boxes/GreenlandPeriph_BoxesUpdated.shp,1902.0385
0,127,GreenlandPeriph_BoxesUpdated,/Users/julialiu/Documents/M_Thesis/PS_original/Gr_boxes/GreenlandPeriph_BoxesUpdated.shp,1282.018
0,128,GreenlandPeriph_BoxesUpdated,/Users/julialiu/Documents/M_Thesis/PS_original/Gr_boxes/GreenlandPeriph_BoxesUpdated.shp,647.61336
0,129,GreenlandPeriph_BoxesUpdated,/Users/julialiu/Documents/M_Thesis/PS_original/Gr_boxes/GreenlandPeriph_BoxesUpdated.shp,1700.9435
0,130,GreenlandPeriph_BoxesUpdated,/Users/julialiu/Documents/M_Thesis/PS_original/Gr_boxes/GreenlandPeriph_BoxesUpdated.shp,1271.427
0,131,GreenlandPeriph_BoxesUpdated,/Users/julialiu/Documents/M_Thesis/PS_original/Gr_boxes/GreenlandPeriph_BoxesUpdated.shp,2893.4434
0,132,GreenlandPeriph_BoxesUpdated,/Users/julialiu/Documents/M_Thesis/PS_original/Gr_boxes/GreenlandPeriph_BoxesUpdated.shp,900.76662
0,133,GreenlandPeriph_BoxesUpdated,/Users/julialiu/Documents/M_Thesis/PS_original/Gr_boxes/GreenlandPeriph_BoxesUpdated.shp,2206.3358
0,134,GreenlandPeriph_BoxesUpdated,/Users/julialiu/Documents/M_Thesis/PS_original/Gr_boxes/GreenlandPeriph_BoxesUpdated.shp,1732.204
0,135,GreenlandPeriph_BoxesUpdated,/Users/julialiu/Documents/M_Thesis/PS_original/Gr_boxes/GreenlandPeriph_BoxesUpdated.shp,3066.5142
0,136,GreenlandPeriph_BoxesUpdated,/Users/julialiu/Documents/M_Thesis/PS_original/Gr_boxes/GreenlandPeriph_BoxesUpdated.shp,1738.0373
0,137,GreenlandPeriph_BoxesUpdated,/Users/julialiu/Documents/M_Thesis/PS_original/Gr_boxes/GreenlandPeriph_BoxesUpdated.shp,991.41487
0,138,GreenlandPeriph_BoxesUpdated,/Users/julialiu/Documents/M_Thesis/PS_original/Gr_boxes/GreenlandPeriph_BoxesUpdated.shp,985.7891
0,139,GreenlandPeriph_BoxesUpdated,/Users/julialiu/Documents/M_Thesis/PS_original/Gr_boxes/GreenlandPeriph_BoxesUpdated.shp,1043.6242
0,140,GreenlandPeriph_BoxesUpdated,/Users/julialiu/Documents/M_Thesis/PS_original/Gr_boxes/GreenlandPeriph_BoxesUpdated.shp,2020.8153
0,141,GreenlandPeriph_BoxesUpdated,/Users/julialiu/Documents/M_Thesis/PS_original/Gr_boxes/GreenlandPeriph_BoxesUpdated.shp,828.4752
0,142,GreenlandPeriph_BoxesUpdated,/Users/julialiu/Documents/M_Thesis/PS_original/Gr_boxes/GreenlandPeriph_BoxesUpdated.shp,1287.4584
0,143,GreenlandPeriph_BoxesUpdated,/Users/julialiu/Documents/M_Thesis/PS_original/Gr_boxes/GreenlandPeriph_BoxesUpdated.shp,2530.4465
0,144,GreenlandPeriph_BoxesUpdated,/Users/julialiu/Documents/M_Thesis/PS_original/Gr_boxes/GreenlandPeriph_BoxesUpdated.shp,1411.1591
0,145,GreenlandPeriph_BoxesUpdated,/Users/julialiu/Documents/M_Thesis/PS_original/Gr_boxes/GreenlandPeriph_BoxesUpdated.shp,1527.3553
0,146,GreenlandPeriph_BoxesUpdated,/Users/julialiu/Documents/M_Thesis/PS_original/Gr_boxes/GreenlandPeriph_BoxesUpdated.shp,2271.2409
0,147,GreenlandPeriph_BoxesUpdated,/Users/julialiu/Documents/M_Thesis/PS_original/Gr_boxes/GreenlandPeriph_BoxesUpdated.shp,1639.9965
0,148,GreenlandPeriph_BoxesUpdated,/Users/julialiu/Documents/M_Thesis/PS_original/Gr_boxes/GreenlandPeriph_BoxesUpdated.shp,1459.2801
0,149,GreenlandPeriph_BoxesUpdated,/Users/julialiu/Documents/M_Thesis/PS_original/Gr_boxes/GreenlandPeriph_BoxesUpdated.shp,1056.1197
0,150,GreenlandPeriph_BoxesUpdated,/Users/julialiu/Documents/M_Thesis/PS_original/Gr_boxes/GreenlandPeriph_BoxesUpdated.shp,1065.0581
0,151,GreenlandPeriph_BoxesUpdated,/Users/julialiu/Documents/M_Thesis/PS_original/Gr_boxes/GreenlandPeriph_BoxesUpdated.shp,1582.4117
0,152,GreenlandPeriph_BoxesUpdated,/Users/julialiu/Documents/M_Thesis/PS_original/Gr_boxes/GreenlandPeriph_BoxesUpdated.shp,1609.1077
0,153,GreenlandPeriph_BoxesUpdated,/Users/julialiu/Documents/M_Thesis/PS_original/Gr_boxes/GreenlandPeriph_BoxesUpdated.shp,1150.8804
0,154,GreenlandPeriph_BoxesUpdated,/Users/julialiu/Documents/M_Thesis/PS_original/Gr_boxes/GreenlandPeriph_BoxesUpdated.shp,2943.9499
0,155,GreenlandPeriph_BoxesUpdated,/Users/julialiu/Documents/M_Thesis/PS_original/Gr_boxes/GreenlandPeriph_BoxesUpdated.shp,1838.3088
0,156,GreenlandPeriph_BoxesUpdated,/Users/julialiu/Documents/M_Thesis/PS_original/Gr_boxes/GreenlandPeriph_BoxesUpdated.shp,3638.1095
0,157,GreenlandPeriph_BoxesUpdated,/Users/julialiu/Documents/M_Thesis/PS_original/Gr_boxes/GreenlandPeriph_BoxesUpdated.shp,964.01303
0,158,GreenlandPeriph_BoxesUpdated,/Users/julialiu/Documents/M_Thesis/PS_original/Gr_boxes/GreenlandPeriph_BoxesUpdated.shp,2638.4675
0,159,GreenlandPeriph_BoxesUpdated,/Users/julialiu/Documents/M_Thesis/PS_original/Gr_boxes/GreenlandPeriph_BoxesUpdated.shp,1559.261
0,160,GreenlandPeriph_BoxesUpdated,/Users/julialiu/Documents/M_Thesis/PS_original/Gr_boxes/GreenlandPeriph_BoxesUpdated.shp,1719.332
0,161,GreenlandPeriph_BoxesUpdated,/Users/julialiu/Documents/M_Thesis/PS_original/Gr_boxes/GreenlandPeriph_BoxesUpdated.shp,1859.1145
0,162,GreenlandPeriph_BoxesUpdated,/Users/julialiu/Documents/M_Thesis/PS_original/Gr_boxes/GreenlandPeriph_BoxesUpdated.shp,7726.0262
0,163,GreenlandPeriph_BoxesUpdated,/Users/julialiu/Documents/M_Thesis/PS_original/Gr_boxes/GreenlandPeriph_BoxesUpdated.shp,2085.9782
0,164,GreenlandPeriph_BoxesUpdated,/Users/julialiu/Documents/M_Thesis/PS_original/Gr_boxes/GreenlandPeriph_BoxesUpdated.shp,2271.0544
0,165,GreenlandPeriph_BoxesUpdated,/Users/julialiu/Documents/M_Thesis/PS_original/Gr_boxes/GreenlandPeriph_BoxesUpdated.shp,2182.5996
0,166,GreenlandPeriph_BoxesUpdated,/Users/julialiu/Documents/M_Thesis/PS_original/Gr_boxes/GreenlandPeriph_BoxesUpdated.shp,2642.3995
0,167,GreenlandPeriph_BoxesUpdated,/Users/julialiu/Documents/M_Thesis/PS_original/Gr_boxes/GreenlandPeriph_BoxesUpdated.shp,2336.5866
0,168,GreenlandPeriph_BoxesUpdated,/Users/julialiu/Documents/M_Thesis/PS_original/Gr_boxes/GreenlandPeriph_BoxesUpdated.shp,3472.9993
0,169,GreenlandPeriph_BoxesUpdated,/Users/julialiu/Documents/M_Thesis/PS_original/Gr_boxes/GreenlandPeriph_BoxesUpdated.shp,1771.1544
0,170,GreenlandPeriph_BoxesUpdated,/Users/julialiu/Documents/M_Thesis/PS_original/Gr_boxes/GreenlandPeriph_BoxesUpdated.shp,1353.7082
0,171,GreenlandPeriph_BoxesUpdated,/Users/julialiu/Documents/M_Thesis/PS_original/Gr_boxes/GreenlandPeriph_BoxesUpdated.shp,1909.0442
0,172,GreenlandPeriph_BoxesUpdated,/Users/julialiu/Documents/M_Thesis/PS_original/Gr_boxes/GreenlandPeriph_BoxesUpdated.shp,4928.139
0,173,GreenlandPeriph_BoxesUpdated,/Users/julialiu/Documents/M_Thesis/PS_original/Gr_boxes/GreenlandPeriph_BoxesUpdated.shp,4459.2302
0,174,GreenlandPeriph_BoxesUpdated,/Users/julialiu/Documents/M_Thesis/PS_original/Gr_boxes/GreenlandPeriph_BoxesUpdated.shp,3729.2037
0,175,GreenlandPeriph_BoxesUpdated,/Users/julialiu/Documents/M_Thesis/PS_original/Gr_boxes/GreenlandPeriph_BoxesUpdated.shp,1234.6376
0,176,GreenlandPeriph_BoxesUpdated,/Users/julialiu/Documents/M_Thesis/PS_original/Gr_boxes/GreenlandPeriph_BoxesUpdated.shp,4549.3343
0,177,GreenlandPeriph_BoxesUpdated,/Users/julialiu/Documents/M_Thesis/PS_original/Gr_boxes/GreenlandPeriph_BoxesUpdated.shp,662.70735
0,178,GreenlandPeriph_BoxesUpdated,/Users/julialiu/Documents/M_Thesis/PS_original/Gr_boxes/GreenlandPeriph_BoxesUpdated.shp,4491.5992
0,179,GreenlandPeriph_BoxesUpdated,/Users/julialiu/Documents/M_Thesis/PS_original/Gr_boxes/GreenlandPeriph_BoxesUpdated.shp,4162.3227
0,180,GreenlandPeriph_BoxesUpdated,/Users/julialiu/Documents/M_Thesis/PS_original/Gr_boxes/GreenlandPeriph_BoxesUpdated.shp,2070.4245
0,181,GreenlandPeriph_BoxesUpdated,/Users/julialiu/Documents/M_Thesis/PS_original/Gr_boxes/GreenlandPeriph_BoxesUpdated.shp,2030.099
0,182,GreenlandPeriph_BoxesUpdated,/Users/julialiu/Documents/M_Thesis/PS_original/Gr_boxes/GreenlandPeriph_BoxesUpdated.shp,3720.6335
0,183,GreenlandPeriph_BoxesUpdated,/Users/julialiu/Documents/M_Thesis/PS_original/Gr_boxes/GreenlandPeriph_BoxesUpdated.shp,3866.1096
0,184,GreenlandPeriph_BoxesUpdated,/Users/julialiu/Documents/M_Thesis/PS_original/Gr_boxes/GreenlandPeriph_BoxesUpdated.shp,7767.3355
0,185,GreenlandPeriph_BoxesUpdated,/Users/julialiu/Documents/M_Thesis/PS_original/Gr_boxes/GreenlandPeriph_BoxesUpdated.shp,3802.2544
0,186,GreenlandPeriph_BoxesUpdated,/Users/julialiu/Documents/M_Thesis/PS_original/Gr_boxes/GreenlandPeriph_BoxesUpdated.shp,5776.8116
0,187,GreenlandPeriph_BoxesUpdated,/Users/julialiu/Documents/M_Thesis/PS_original/Gr_boxes/GreenlandPeriph_BoxesUpdated.shp,1855.0484
0,188,GreenlandPeriph_BoxesUpdated,/Users/julialiu/Documents/M_Thesis/PS_original/Gr_boxes/GreenlandPeriph_BoxesUpdated.shp,3718.1705
0,189,GreenlandPeriph_BoxesUpdated,/Users/julialiu/Documents/M_Thesis/PS_original/Gr_boxes/GreenlandPeriph_BoxesUpdated.shp,5847.0975
0,190,GreenlandPeriph_BoxesUpdated,/Users/julialiu/Documents/M_Thesis/PS_original/Gr_boxes/GreenlandPeriph_BoxesUpdated.shp,3472.5964
0,191,GreenlandPeriph_BoxesUpdated,/Users/julialiu/Documents/M_Thesis/PS_original/Gr_boxes/GreenlandPeriph_BoxesUpdated.shp,2965.4923
0,192,GreenlandPeriph_BoxesUpdated,/Users/julialiu/Documents/M_Thesis/PS_original/Gr_boxes/GreenlandPeriph_BoxesUpdated.shp,1103.3023
0,193,GreenlandPeriph_BoxesUpdated,/Users/julialiu/Documents/M_Thesis/PS_original/Gr_boxes/GreenlandPeriph_BoxesUpdated.shp,2235.1866
0,194,GreenlandPeriph_BoxesUpdated,/Users/julialiu/Documents/M_Thesis/PS_original/Gr_boxes/GreenlandPeriph_BoxesUpdated.shp,3151.1448
0,195,GreenlandPeriph_BoxesUpdated,/Users/julialiu/Documents/M_Thesis/PS_original/Gr_boxes/GreenlandPeriph_BoxesUpdated.shp,2085.2647
0,196,GreenlandPeriph_BoxesUpdated,/Users/julialiu/Documents/M_Thesis/PS_original/Gr_boxes/GreenlandPeriph_BoxesUpdated.shp,990.78217
0,197,GreenlandPeriph_BoxesUpdated,/Users/julialiu/Documents/M_Thesis/PS_original/Gr_boxes/GreenlandPeriph_BoxesUpdated.shp,968.47842
0,198,GreenlandPeriph_BoxesUpdated,/Users/julialiu/Documents/M_Thesis/PS_original/Gr_boxes/GreenlandPeriph_BoxesUpdated.shp,1300.4994
0,199,GreenlandPeriph_BoxesUpdated,/Users/julialiu/Documents/M_Thesis/PS_original/Gr_boxes/GreenlandPeriph_BoxesUpdated.shp,2574.4009
0,200,GreenlandPeriph_BoxesUpdated,/Users/julialiu/Documents/M_Thesis/PS_original/Gr_boxes/GreenlandPeriph_BoxesUpdated.shp,2362.9323
0,201,GreenlandPeriph_BoxesUpdated,/Users/julialiu/Documents/M_Thesis/PS_original/Gr_boxes/GreenlandPeriph_BoxesUpdated.shp,3483.8896
0,202,GreenlandPeriph_BoxesUpdated,/Users/julialiu/Documents/M_Thesis/PS_original/Gr_boxes/GreenlandPeriph_BoxesUpdated.shp,1143.8109
0,203,GreenlandPeriph_BoxesUpdated,/Users/julialiu/Documents/M_Thesis/PS_original/Gr_boxes/GreenlandPeriph_BoxesUpdated.shp,4944.2182
0,204,GreenlandPeriph_BoxesUpdated,/Users/julialiu/Documents/M_Thesis/PS_original/Gr_boxes/GreenlandPeriph_BoxesUpdated.shp,3263.7386
0,205,GreenlandPeriph_BoxesUpdated,/Users/julialiu/Documents/M_Thesis/PS_original/Gr_boxes/GreenlandPeriph_BoxesUpdated.shp,2945.5472
0,206,GreenlandPeriph_BoxesUpdated,/Users/julialiu/Documents/M_Thesis/PS_original/Gr_boxes/GreenlandPeriph_BoxesUpdated.shp,3041.2834
0,207,GreenlandPeriph_BoxesUpdated,/Users/julialiu/Documents/M_Thesis/PS_original/Gr_boxes/GreenlandPeriph_BoxesUpdated.shp,2731.6579
0,208,GreenlandPeriph_BoxesUpdated,/Users/julialiu/Documents/M_Thesis/PS_original/Gr_boxes/GreenlandPeriph_BoxesUpdated.shp,1394.8164
0,209,GreenlandPeriph_BoxesUpdated,/Users/julialiu/Documents/M_Thesis/PS_original/Gr_boxes/GreenlandPeriph_BoxesUpdated.shp,1604.1879
0,210,GreenlandPeriph_BoxesUpdated,/Users/julialiu/Documents/M_Thesis/PS_original/Gr_boxes/GreenlandPeriph_BoxesUpdated.shp,1730.5404
0,211,GreenlandPeriph_BoxesUpdated,/Users/julialiu/Documents/M_Thesis/PS_original/Gr_boxes/GreenlandPeriph_BoxesUpdated.shp,872.47456
0,212,GreenlandPeriph_BoxesUpdated,/Users/julialiu/Documents/M_Thesis/PS_original/Gr_boxes/GreenlandPeriph_BoxesUpdated.shp,2164.018
0,213,GreenlandPeriph_BoxesUpdated,/Users/julialiu/Documents/M_Thesis/PS_original/Gr_boxes/GreenlandPeriph_BoxesUpdated.shp,3643.2831
0,214,GreenlandPeriph_BoxesUpdated,/Users/julialiu/Documents/M_Thesis/PS_original/Gr_boxes/GreenlandPeriph_BoxesUpdated.shp,4388.575
0,215,GreenlandPeriph_BoxesUpdated,/Users/julialiu/Documents/M_Thesis/PS_original/Gr_boxes/GreenlandPeriph_BoxesUpdated.shp,3314.7496
0,216,GreenlandPeriph_BoxesUpdated,/Users/julialiu/Documents/M_Thesis/PS_original/Gr_boxes/GreenlandPeriph_BoxesUpdated.shp,1798.5488
0,217,GreenlandPeriph_BoxesUpdated,/Users/julialiu/Documents/M_Thesis/PS_original/Gr_boxes/GreenlandPeriph_BoxesUpdated.shp,1916.882
0,218,GreenlandPeriph_BoxesUpdated,/Users/julialiu/Documents/M_Thesis/PS_original/Gr_boxes/GreenlandPeriph_BoxesUpdated.shp,964.48143
0,219,GreenlandPeriph_BoxesUpdated,/Users/julialiu/Documents/M_Thesis/PS_original/Gr_boxes/GreenlandPeriph_BoxesUpdated.shp,2558.6327
0,220,GreenlandPeriph_BoxesUpdated,/Users/julialiu/Documents/M_Thesis/PS_original/Gr_boxes/GreenlandPeriph_BoxesUpdated.shp,3151.0668
0,221,GreenlandPeriph_BoxesUpdated,/Users/julialiu/Documents/M_Thesis/PS_original/Gr_boxes/GreenlandPeriph_BoxesUpdated.shp,1242.9558
0,222,GreenlandPeriph_BoxesUpdated,/Users/julialiu/Documents/M_Thesis/PS_original/Gr_boxes/GreenlandPeriph_BoxesUpdated.shp,3088.0368
0,223,GreenlandPeriph_BoxesUpdated,/Users/julialiu/Documents/M_Thesis/PS_original/Gr_boxes/GreenlandPeriph_BoxesUpdated.shp,1257.0758
0,224,GreenlandPeriph_BoxesUpdated,/Users/julialiu/Documents/M_Thesis/PS_original/Gr_boxes/GreenlandPeriph_BoxesUpdated.shp,1897.7012
0,225,GreenlandPeriph_BoxesUpdated,/Users/julialiu/Documents/M_Thesis/PS_original/Gr_boxes/GreenlandPeriph_BoxesUpdated.shp,3403.5829
0,226,GreenlandPeriph_BoxesUpdated,/Users/julialiu/Documents/M_Thesis/PS_original/Gr_boxes/GreenlandPeriph_BoxesUpdated.shp,1323.0256
0,227,GreenlandPeriph_BoxesUpdated,/Users/julialiu/Documents/M_Thesis/PS_original/Gr_boxes/GreenlandPeriph_BoxesUpdated.shp,1050.3556
0,228,GreenlandPeriph_BoxesUpdated,/Users/julialiu/Documents/M_Thesis/PS_original/Gr_boxes/GreenlandPeriph_BoxesUpdated.shp,1973.5394
0,229,GreenlandPeriph_BoxesUpdated,/Users/julialiu/Documents/M_Thesis/PS_original/Gr_boxes/GreenlandPeriph_BoxesUpdated.shp,2004.0466
0,230,GreenlandPeriph_BoxesUpdated,/Users/julialiu/Documents/M_Thesis/PS_original/Gr_boxes/GreenlandPeriph_BoxesUpdated.shp,1244.5389
0,231,GreenlandPeriph_BoxesUpdated,/Users/julialiu/Documents/M_Thesis/PS_original/Gr_boxes/GreenlandPeriph_BoxesUpdated.shp,962.72177
0,232,GreenlandPeriph_BoxesUpdated,/Users/julialiu/Documents/M_Thesis/PS_original/Gr_boxes/GreenlandPeriph_BoxesUpdated.shp,2074.2316
0,233,GreenlandPeriph_BoxesUpdated,/Users/julialiu/Documents/M_Thesis/PS_original/Gr_boxes/GreenlandPeriph_BoxesUpdated.shp,1074.5248
0,234,GreenlandPeriph_BoxesUpdated,/Users/julialiu/Documents/M_Thesis/PS_original/Gr_boxes/GreenlandPeriph_BoxesUpdated.shp,2335.3494
0,235,GreenlandPeriph_BoxesUpdated,/Users/julialiu/Documents/M_Thesis/PS_original/Gr_boxes/GreenlandPeriph_BoxesUpdated.shp,2620.3724
0,236,GreenlandPeriph_BoxesUpdated,/Users/julialiu/Documents/M_Thesis/PS_original/Gr_boxes/GreenlandPeriph_BoxesUpdated.shp,1375.6514
0,237,GreenlandPeriph_BoxesUpdated,/Users/julialiu/Documents/M_Thesis/PS_original/Gr_boxes/GreenlandPeriph_BoxesUpdated.shp,3407.8719
0,238,GreenlandPeriph_BoxesUpdated,/Users/julialiu/Documents/M_Thesis/PS_original/Gr_boxes/GreenlandPeriph_BoxesUpdated.shp,1689.6421
0,239,GreenlandPeriph_BoxesUpdated,/Users/julialiu/Documents/M_Thesis/PS_original/Gr_boxes/GreenlandPeriph_BoxesUpdated.shp,2895.019
0,240,GreenlandPeriph_BoxesUpdated,/Users/julialiu/Documents/M_Thesis/PS_original/Gr_boxes/GreenlandPeriph_BoxesUpdated.shp,4291.1864
0,241,GreenlandPeriph_BoxesUpdated,/Users/julialiu/Documents/M_Thesis/PS_original/Gr_boxes/GreenlandPeriph_BoxesUpdated.shp,1257.1459
0,242,GreenlandPeriph_BoxesUpdated,/Users/julialiu/Documents/M_Thesis/PS_original/Gr_boxes/GreenlandPeriph_BoxesUpdated.shp,2009.4347
0,243,GreenlandPeriph_BoxesUpdated,/Users/julialiu/Documents/M_Thesis/PS_original/Gr_boxes/GreenlandPeriph_BoxesUpdated.shp,2211.8271
0,244,GreenlandPeriph_BoxesUpdated,/Users/julialiu/Documents/M_Thesis/PS_original/Gr_boxes/GreenlandPeriph_BoxesUpdated.shp,4195.9455
0,245,GreenlandPeriph_BoxesUpdated,/Users/julialiu/Documents/M_Thesis/PS_original/Gr_boxes/GreenlandPeriph_BoxesUpdated.shp,2899.2452
0,246,GreenlandPeriph_BoxesUpdated,/Users/julialiu/Documents/M_Thesis/PS_original/Gr_boxes/GreenlandPeriph_BoxesUpdated.shp,2327.0365
0,247,GreenlandPeriph_BoxesUpdated,/Users/julialiu/Documents/M_Thesis/PS_original/Gr_boxes/GreenlandPeriph_BoxesUpdated.shp,3178.3867
0,248,GreenlandPeriph_BoxesUpdated,/Users/julialiu/Documents/M_Thesis/PS_original/Gr_boxes/GreenlandPeriph_BoxesUpdated.shp,2960.5611
0,249,GreenlandPeriph_BoxesUpdated,/Users/julialiu/Documents/M_Thesis/PS_original/Gr_boxes/GreenlandPeriph_BoxesUpdated.shp,1033.7244
0,250,GreenlandPeriph_BoxesUpdated,/Users/julialiu/Documents/M_Thesis/PS_original/Gr_boxes/GreenlandPeriph_BoxesUpdated.shp,1093.8092
0,251,GreenlandPeriph_BoxesUpdated,/Users/julialiu/Documents/M_Thesis/PS_original/Gr_boxes/GreenlandPeriph_BoxesUpdated.shp,4510.3505
0,252,GreenlandPeriph_BoxesUpdated,/Users/julialiu/Documents/M_Thesis/PS_original/Gr_boxes/GreenlandPeriph_BoxesUpdated.shp,4702.5858
0,253,GreenlandPeriph_BoxesUpdated,/Users/julialiu/Documents/M_Thesis/PS_original/Gr_boxes/GreenlandPeriph_BoxesUpdated.shp,3610.0457
0,254,GreenlandPeriph_BoxesUpdated,/Users/julialiu/Documents/M_Thesis/PS_original/Gr_boxes/GreenlandPeriph_BoxesUpdated.shp,4342.6466
0,255,GreenlandPeriph_BoxesUpdated,/Users/julialiu/Documents/M_Thesis/PS_original/Gr_boxes/GreenlandPeriph_BoxesUpdated.shp,2853.7078
0,256,GreenlandPeriph_BoxesUpdated,/Users/julialiu/Documents/M_Thesis/PS_original/Gr_boxes/GreenlandPeriph_BoxesUpdated.shp,3485.8523
0,257,GreenlandPeriph_BoxesUpdated,/Users/julialiu/Documents/M_Thesis/PS_original/Gr_boxes/GreenlandPeriph_BoxesUpdated.shp,2373.8864
0,258,GreenlandPeriph_BoxesUpdated,/Users/julialiu/Documents/M_Thesis/PS_original/Gr_boxes/GreenlandPeriph_BoxesUpdated.shp,4231.7527
0,259,,/Users/julialiu/Documents/M_Thesis/Data/GEEDiT_lines/Box259_manual/Box259_adj.shp,6974.4817
0,260,GreenlandPeriph_BoxesUpdated,/Users/julialiu/Documents/M_Thesis/PS_original/Gr_boxes/GreenlandPeriph_BoxesUpdated.shp,2586.3314
0,261,GreenlandPeriph_BoxesUpdated,/Users/julialiu/Documents/M_Thesis/PS_original/Gr_boxes/GreenlandPeriph_BoxesUpdated.shp,3512.2184
0,262,GreenlandPeriph_BoxesUpdated,/Users/julialiu/Documents/M_Thesis/PS_original/Gr_boxes/GreenlandPeriph_BoxesUpdated.shp,2831.841
0,263,GreenlandPeriph_BoxesUpdated,/Users/julialiu/Documents/M_Thesis/PS_original/Gr_boxes/GreenlandPeriph_BoxesUpdated.shp,3954.3016
0,264,GreenlandPeriph_BoxesUpdated,/Users/julialiu/Documents/M_Thesis/PS_original/Gr_boxes/GreenlandPeriph_BoxesUpdated.shp,1975.7185
0,265,GreenlandPeriph_BoxesUpdated,/Users/julialiu/Documents/M_Thesis/PS_original/Gr_boxes/GreenlandPeriph_BoxesUpdated.shp,1894.0235
0,266,GreenlandPeriph_BoxesUpdated,/Users/julialiu/Documents/M_Thesis/PS_original/Gr_boxes/GreenlandPeriph_BoxesUpdated.shp,2788.4577
0,267,GreenlandPeriph_BoxesUpdated,/Users/julialiu/Documents/M_Thesis/PS_original/Gr_boxes/GreenlandPeriph_BoxesUpdated.shp,2603.6376
0,268,GreenlandPeriph_BoxesUpdated,/Users/julialiu/Documents/M_Thesis/PS_original/Gr_boxes/GreenlandPeriph_BoxesUpdated.shp,5895.5306
0,269,GreenlandPeriph_BoxesUpdated,/Users/julialiu/Documents/M_Thesis/PS_original/Gr_boxes/GreenlandPeriph_BoxesUpdated.shp,2998.4657
0,270,GreenlandPeriph_BoxesUpdated,/Users/julialiu/Documents/M_Thesis/PS_original/Gr_boxes/GreenlandPeriph_BoxesUpdated.shp,2640.7761
0,271,GreenlandPeriph_BoxesUpdated,/Users/julialiu/Documents/M_Thesis/PS_original/Gr_boxes/GreenlandPeriph_BoxesUpdated.shp,3821.2649
0,272,GreenlandPeriph_BoxesUpdated,/Users/julialiu/Documents/M_Thesis/PS_original/Gr_boxes/GreenlandPeriph_BoxesUpdated.shp,1441.5869
0,273,GreenlandPeriph_BoxesUpdated,/Users/julialiu/Documents/M_Thesis/PS_original/Gr_boxes/GreenlandPeriph_BoxesUpdated.shp,2427.2923
0,274,GreenlandPeriph_BoxesUpdated,/Users/julialiu/Documents/M_Thesis/PS_original/Gr_boxes/GreenlandPeriph_BoxesUpdated.shp,1750.1482
0,275,GreenlandPeriph_BoxesUpdated,/Users/julialiu/Documents/M_Thesis/PS_original/Gr_boxes/GreenlandPeriph_BoxesUpdated.shp,2707.282
0,276,GreenlandPeriph_BoxesUpdated,/Users/julialiu/Documents/M_Thesis/PS_original/Gr_boxes/GreenlandPeriph_BoxesUpdated.shp,4830.7562
0,277,GreenlandPeriph_BoxesUpdated,/Users/julialiu/Documents/M_Thesis/PS_original/Gr_boxes/GreenlandPeriph_BoxesUpdated.shp,2273.8447
0,278,GreenlandPeriph_BoxesUpdated,/Users/julialiu/Documents/M_Thesis/PS_original/Gr_boxes/GreenlandPeriph_BoxesUpdated.shp,2456.8639
0,279,GreenlandPeriph_BoxesUpdated,/Users/julialiu/Documents/M_Thesis/PS_original/Gr_boxes/GreenlandPeriph_BoxesUpdated.shp,5211.0216
0,280,GreenlandPeriph_BoxesUpdated,/Users/julialiu/Documents/M_Thesis/PS_original/Gr_boxes/GreenlandPeriph_BoxesUpdated.shp,3496.5859
0,281,GreenlandPeriph_BoxesUpdated,/Users/julialiu/Documents/M_Thesis/PS_original/Gr_boxes/GreenlandPeriph_BoxesUpdated.shp,4675.163
0,282,GreenlandPeriph_BoxesUpdated,/Users/julialiu/Documents/M_Thesis/PS_original/Gr_boxes/GreenlandPeriph_BoxesUpdated.shp,2688.8389
0,283,GreenlandPeriph_BoxesUpdated,/Users/julialiu/Documents/M_Thesis/PS_original/Gr_boxes/GreenlandPeriph_BoxesUpdated.shp,2450.8172
0,284,GreenlandPeriph_BoxesUpdated,/Users/julialiu/Documents/M_Thesis/PS_original/Gr_boxes/GreenlandPeriph_BoxesUpdated.shp,1610.8827
0,285,GreenlandPeriph_BoxesUpdated,/Users/julialiu/Documents/M_Thesis/PS_original/Gr_boxes/GreenlandPeriph_BoxesUpdated.shp,1718.2748
0,286,GreenlandPeriph_BoxesUpdated,/Users/julialiu/Documents/M_Thesis/PS_original/Gr_boxes/GreenlandPeriph_BoxesUpdated.shp,3904.0245
0,287,GreenlandPeriph_BoxesUpdated,/Users/julialiu/Documents/M_Thesis/PS_original/Gr_boxes/GreenlandPeriph_BoxesUpdated.shp,1831.5024
0,288,GreenlandPeriph_BoxesUpdated,/Users/julialiu/Documents/M_Thesis/PS_original/Gr_boxes/GreenlandPeriph_BoxesUpdated.shp,4945.9638
0,289,GreenlandPeriph_BoxesUpdated,/Users/julialiu/Documents/M_Thesis/PS_original/Gr_boxes/GreenlandPeriph_BoxesUpdated.shp,5061.2848
0,290,GreenlandPeriph_BoxesUpdated,/Users/julialiu/Documents/M_Thesis/PS_original/Gr_boxes/GreenlandPeriph_BoxesUpdated.shp,2277.4737
0,291,GreenlandPeriph_BoxesUpdated,/Users/julialiu/Documents/M_Thesis/PS_original/Gr_boxes/GreenlandPeriph_BoxesUpdated.shp,3100.0886
0,292,GreenlandPeriph_BoxesUpdated,/Users/julialiu/Documents/M_Thesis/PS_original/Gr_boxes/GreenlandPeriph_BoxesUpdated.shp,2116.8318
0,293,GreenlandPeriph_BoxesUpdated,/Users/julialiu/Documents/M_Thesis/PS_original/Gr_boxes/GreenlandPeriph_BoxesUpdated.shp,3474.5441
0,294,GreenlandPeriph_BoxesUpdated,/Users/julialiu/Documents/M_Thesis/PS_original/Gr_boxes/GreenlandPeriph_BoxesUpdated.shp,2775.1909
0,295,GreenlandPeriph_BoxesUpdated,/Users/julialiu/Documents/M_Thesis/PS_original/Gr_boxes/GreenlandPeriph_BoxesUpdated.shp,2422.4946
0,296,GreenlandPeriph_BoxesUpdated,/Users/julialiu/Documents/M_Thesis/PS_original/Gr_boxes/GreenlandPeriph_BoxesUpdated.shp,1962.8834
0,297,GreenlandPeriph_BoxesUpdated,/Users/julialiu/Documents/M_Thesis/PS_original/Gr_boxes/GreenlandPeriph_BoxesUpdated.shp,1390.8564
0,298,GreenlandPeriph_BoxesUpdated,/Users/julialiu/Documents/M_Thesis/PS_original/Gr_boxes/GreenlandPeriph_BoxesUpdated.shp,2180.5563
0,299,GreenlandPeriph_BoxesUpdated,/Users/julialiu/Documents/M_Thesis/PS_original/Gr_boxes/GreenlandPeriph_BoxesUpdated.shp,3195.9288
0,300,GreenlandPeriph_BoxesUpdated,/Users/julialiu/Documents/M_Thesis/PS_original/Gr_boxes/GreenlandPeriph_BoxesUpdated.shp,1090.9668
0,301,GreenlandPeriph_BoxesUpdated,/Users/julialiu/Documents/M_Thesis/PS_original/Gr_boxes/GreenlandPeriph_BoxesUpdated.shp,1159.7538
0,302,GreenlandPeriph_BoxesUpdated,/Users/julialiu/Documents/M_Thesis/PS_original/Gr_boxes/GreenlandPeriph_BoxesUpdated.shp,983.59241
0,303,GreenlandPeriph_BoxesUpdated,/Users/julialiu/Documents/M_Thesis/PS_original/Gr_boxes/GreenlandPeriph_BoxesUpdated.shp,1025.3147
0,304,GreenlandPeriph_BoxesUpdated,/Users/julialiu/Documents/M_Thesis/PS_original/Gr_boxes/GreenlandPeriph_BoxesUpdated.shp,1669.7901
0,305,GreenlandPeriph_BoxesUpdated,/Users/julialiu/Documents/M_Thesis/PS_original/Gr_boxes/GreenlandPeriph_BoxesUpdated.shp,3235.2369
0,306,GreenlandPeriph_BoxesUpdated,/Users/julialiu/Documents/M_Thesis/PS_original/Gr_boxes/GreenlandPeriph_BoxesUpdated.shp,1693.635
0,307,GreenlandPeriph_BoxesUpdated,/Users/julialiu/Documents/M_Thesis/PS_original/Gr_boxes/GreenlandPeriph_BoxesUpdated.shp,4364.7475
0,308,GreenlandPeriph_BoxesUpdated,/Users/julialiu/Documents/M_Thesis/PS_original/Gr_boxes/GreenlandPeriph_BoxesUpdated.shp,3332.5858
0,309,GreenlandPeriph_BoxesUpdated,/Users/julialiu/Documents/M_Thesis/PS_original/Gr_boxes/GreenlandPeriph_BoxesUpdated.shp,4227.2045
0,310,GreenlandPeriph_BoxesUpdated,/Users/julialiu/Documents/M_Thesis/PS_original/Gr_boxes/GreenlandPeriph_BoxesUpdated.shp,7425.2479
0,311,GreenlandPeriph_BoxesUpdated,/Users/julialiu/Documents/M_Thesis/PS_original/Gr_boxes/GreenlandPeriph_BoxesUpdated.shp,2447.3755
0,312,GreenlandPeriph_BoxesUpdated,/Users/julialiu/Documents/M_Thesis/PS_original/Gr_boxes/GreenlandPeriph_BoxesUpdated.shp,3172.0515
0,313,GreenlandPeriph_BoxesUpdated,/Users/julialiu/Documents/M_Thesis/PS_original/Gr_boxes/GreenlandPeriph_BoxesUpdated.shp,1611.9991
0,314,GreenlandPeriph_BoxesUpdated,/Users/julialiu/Documents/M_Thesis/PS_original/Gr_boxes/GreenlandPeriph_BoxesUpdated.shp,3100.0015
0,315,GreenlandPeriph_BoxesUpdated,/Users/julialiu/Documents/M_Thesis/PS_original/Gr_boxes/GreenlandPeriph_BoxesUpdated.shp,1989.4382
0,316,GreenlandPeriph_BoxesUpdated,/Users/julialiu/Documents/M_Thesis/PS_original/Gr_boxes/GreenlandPeriph_BoxesUpdated.shp,2154.4631
0,317,GreenlandPeriph_BoxesUpdated,/Users/julialiu/Documents/M_Thesis/PS_original/Gr_boxes/GreenlandPeriph_BoxesUpdated.shp,1684.7854
0,318,GreenlandPeriph_BoxesUpdated,/Users/julialiu/Documents/M_Thesis/PS_original/Gr_boxes/GreenlandPeriph_BoxesUpdated.shp,2727.084
0,319,GreenlandPeriph_BoxesUpdated,/Users/julialiu/Documents/M_Thesis/PS_original/Gr_boxes/GreenlandPeriph_BoxesUpdated.shp,832.215
0,320,GreenlandPeriph_BoxesUpdated,/Users/julialiu/Documents/M_Thesis/PS_original/Gr_boxes/GreenlandPeriph_BoxesUpdated.shp,2006.8872
0,321,GreenlandPeriph_BoxesUpdated,/Users/julialiu/Documents/M_Thesis/PS_original/Gr_boxes/GreenlandPeriph_BoxesUpdated.shp,1557.9635
0,322,GreenlandPeriph_BoxesUpdated,/Users/julialiu/Documents/M_Thesis/PS_original/Gr_boxes/GreenlandPeriph_BoxesUpdated.shp,3508.1741
0,323,GreenlandPeriph_BoxesUpdated,/Users/julialiu/Documents/M_Thesis/PS_original/Gr_boxes/GreenlandPeriph_BoxesUpdated.shp,1332.6467
0,324,GreenlandPeriph_BoxesUpdated,/Users/julialiu/Documents/M_Thesis/PS_original/Gr_boxes/GreenlandPeriph_BoxesUpdated.shp,2339.0271
0,325,GreenlandPeriph_BoxesUpdated,/Users/julialiu/Documents/M_Thesis/PS_original/Gr_boxes/GreenlandPeriph_BoxesUpdated.shp,2063.1985
0,326,GreenlandPeriph_BoxesUpdated,/Users/julialiu/Documents/M_Thesis/PS_original/Gr_boxes/GreenlandPeriph_BoxesUpdated.shp,2063.1985
0,327,GreenlandPeriph_BoxesUpdated,/Users/julialiu/Documents/M_Thesis/PS_original/Gr_boxes/GreenlandPeriph_BoxesUpdated.shp,1434.1124
0,328,GreenlandPeriph_BoxesUpdated,/Users/julialiu/Documents/M_Thesis/PS_original/Gr_boxes/GreenlandPeriph_BoxesUpdated.shp,802.3252
0,329,GreenlandPeriph_BoxesUpdated,/Users/julialiu/Documents/M_Thesis/PS_original/Gr_boxes/GreenlandPeriph_BoxesUpdated.shp,2265.4484
0,330,GreenlandPeriph_BoxesUpdated,/Users/julialiu/Documents/M_Thesis/PS_original/Gr_boxes/GreenlandPeriph_BoxesUpdated.shp,1448.2768
0,331,GreenlandPeriph_BoxesUpdated,/Users/julialiu/Documents/M_Thesis/PS_original/Gr_boxes/GreenlandPeriph_BoxesUpdated.shp,2119.2021
0,332,GreenlandPeriph_BoxesUpdated,/Users/julialiu/Documents/M_Thesis/PS_original/Gr_boxes/GreenlandPeriph_BoxesUpdated.shp,1352.534
0,333,GreenlandPeriph_BoxesUpdated,/Users/julialiu/Documents/M_Thesis/PS_original/Gr_boxes/GreenlandPeriph_BoxesUpdated.shp,3202.432
0,334,GreenlandPeriph_BoxesUpdated,/Users/julialiu/Documents/M_Thesis/PS_original/Gr_boxes/GreenlandPeriph_BoxesUpdated.shp,2037.6039
0,335,GreenlandPeriph_BoxesUpdated,/Users/julialiu/Documents/M_Thesis/PS_original/Gr_boxes/GreenlandPeriph_BoxesUpdated.shp,1278.7396
0,336,GreenlandPeriph_BoxesUpdated,/Users/julialiu/Documents/M_Thesis/PS_original/Gr_boxes/GreenlandPeriph_BoxesUpdated.shp,1194.6717
0,337,GreenlandPeriph_BoxesUpdated,/Users/julialiu/Documents/M_Thesis/PS_original/Gr_boxes/GreenlandPeriph_BoxesUpdated.shp,4189.8212
0,338,GreenlandPeriph_BoxesUpdated,/Users/julialiu/Documents/M_Thesis/PS_original/Gr_boxes/GreenlandPeriph_BoxesUpdated.shp,1743.786
0,339,GreenlandPeriph_BoxesUpdated,/Users/julialiu/Documents/M_Thesis/PS_original/Gr_boxes/GreenlandPeriph_BoxesUpdated.shp,3931.2195
0,340,GreenlandPeriph_BoxesUpdated,/Users/julialiu/Documents/M_Thesis/PS_original/Gr_boxes/GreenlandPeriph_BoxesUpdated.shp,3402.8014
0,341,GreenlandPeriph_BoxesUpdated,/Users/julialiu/Documents/M_Thesis/PS_original/Gr_boxes/GreenlandPeriph_BoxesUpdated.shp,3908.6481
0,342,GreenlandPeriph_BoxesUpdated,/Users/julialiu/Documents/M_Thesis/PS_original/Gr_boxes/GreenlandPeriph_BoxesUpdated.shp,1633.5507
0,343,GreenlandPeriph_BoxesUpdated,/Users/julialiu/Documents/M_Thesis/PS_original/Gr_boxes/GreenlandPeriph_BoxesUpdated.shp,2058.2408
0,344,GreenlandPeriph_BoxesUpdated,/Users/julialiu/Documents/M_Thesis/PS_original/Gr_boxes/GreenlandPeriph_BoxesUpdated.shp,1840.0994
0,345,GreenlandPeriph_BoxesUpdated,/Users/julialiu/Documents/M_Thesis/PS_original/Gr_boxes/GreenlandPeriph_BoxesUpdated.shp,1638.5084
0,346,GreenlandPeriph_BoxesUpdated,/Users/julialiu/Documents/M_Thesis/PS_original/Gr_boxes/GreenlandPeriph_BoxesUpdated.shp,1240.7761
0,347,GreenlandPeriph_BoxesUpdated,/Users/julialiu/Documents/M_Thesis/PS_original/Gr_boxes/GreenlandPeriph_BoxesUpdated.shp,1833.2493
0,348,GreenlandPeriph_BoxesUpdated,/Users/julialiu/Documents/M_Thesis/PS_original/Gr_boxes/GreenlandPeriph_BoxesUpdated.shp,1441.2409
0,349,GreenlandPeriph_BoxesUpdated,/Users/julialiu/Documents/M_Thesis/PS_original/Gr_boxes/GreenlandPeriph_BoxesUpdated.shp,6633.3622
0,350,GreenlandPeriph_BoxesUpdated,/Users/julialiu/Documents/M_Thesis/PS_original/Gr_boxes/GreenlandPeriph_BoxesUpdated.shp,1955.2463
0,351,GreenlandPeriph_BoxesUpdated,/Users/julialiu/Documents/M_Thesis/PS_original/Gr_boxes/GreenlandPeriph_BoxesUpdated.shp,2729.6005
0,352,GreenlandPeriph_BoxesUpdated,/Users/julialiu/Documents/M_Thesis/PS_original/Gr_boxes/GreenlandPeriph_BoxesUpdated.shp,3682.6014
0,353,GreenlandPeriph_BoxesUpdated,/Users/julialiu/Documents/M_Thesis/PS_original/Gr_boxes/GreenlandPeriph_BoxesUpdated.shp,2264.4818
0,354,GreenlandPeriph_BoxesUpdated,/Users/julialiu/Documents/M_Thesis/PS_original/Gr_boxes/GreenlandPeriph_BoxesUpdated.shp,3815.9977
0,355,GreenlandPeriph_BoxesUpdated,/Users/julialiu/Documents/M_Thesis/PS_original/Gr_boxes/GreenlandPeriph_BoxesUpdated.shp,7213.8757
0,356,GreenlandPeriph_BoxesUpdated,/Users/julialiu/Documents/M_Thesis/PS_original/Gr_boxes/GreenlandPeriph_BoxesUpdated.shp,6438.3615
0,357,GreenlandPeriph_BoxesUpdated,/Users/julialiu/Documents/M_Thesis/PS_original/Gr_boxes/GreenlandPeriph_BoxesUpdated.shp,5906.1267
0,358,GreenlandPeriph_BoxesUpdated,/Users/julialiu/Documents/M_Thesis/PS_original/Gr_boxes/GreenlandPeriph_BoxesUpdated.shp,2672.9188
0,359,GreenlandPeriph_BoxesUpdated,/Users/julialiu/Documents/M_Thesis/PS_original/Gr_boxes/GreenlandPeriph_BoxesUpdated.shp,2710.8375
0,360,GreenlandPeriph_BoxesUpdated,/Users/julialiu/Documents/M_Thesis/PS_original/Gr_boxes/GreenlandPeriph_BoxesUpdated.shp,2247.1873
0,361,GreenlandPeriph_BoxesUpdated,/Users/julialiu/Documents/M_Thesis/PS_original/Gr_boxes/GreenlandPeriph_BoxesUpdated.shp,4007.7901
0,362,GreenlandPeriph_BoxesUpdated,/Users/julialiu/Documents/M_Thesis/PS_original/Gr_boxes/GreenlandPeriph_BoxesUpdated.shp,2261.7951
0,363,GreenlandPeriph_BoxesUpdated,/Users/julialiu/Documents/M_Thesis/PS_original/Gr_boxes/GreenlandPeriph_BoxesUpdated.shp,2576.0982
0,364,GreenlandPeriph_BoxesUpdated,/Users/julialiu/Documents/M_Thesis/PS_original/Gr_boxes/GreenlandPeriph_BoxesUpdated.shp,2151.4636
0,365,GreenlandPeriph_BoxesUpdated,/Users/julialiu/Documents/M_Thesis/PS_original/Gr_boxes/GreenlandPeriph_BoxesUpdated.shp,4952.5426
0,366,GreenlandPeriph_BoxesUpdated,/Users/julialiu/Documents/M_Thesis/PS_original/Gr_boxes/GreenlandPeriph_BoxesUpdated.shp,3276.777
0,367,GreenlandPeriph_BoxesUpdated,/Users/julialiu/Documents/M_Thesis/PS_original/Gr_boxes/GreenlandPeriph_BoxesUpdated.shp,1405.8425
0,368,GreenlandPeriph_BoxesUpdated,/Users/julialiu/Documents/M_Thesis/PS_original/Gr_boxes/GreenlandPeriph_BoxesUpdated.shp,1792.7054
0,369,GreenlandPeriph_BoxesUpdated,/Users/julialiu/Documents/M_Thesis/PS_original/Gr_boxes/GreenlandPeriph_BoxesUpdated.shp,2939.1722
0,370,GreenlandPeriph_BoxesUpdated,/Users/julialiu/Documents/M_Thesis/PS_original/Gr_boxes/GreenlandPeriph_BoxesUpdated.shp,1381.1823
0,371,GreenlandPeriph_BoxesUpdated,/Users/julialiu/Documents/M_Thesis/PS_original/Gr_boxes/GreenlandPeriph_BoxesUpdated.shp,2076.6337
0,372,GreenlandPeriph_BoxesUpdated,/Users/julialiu/Documents/M_Thesis/PS_original/Gr_boxes/GreenlandPeriph_BoxesUpdated.shp,3265.8115
0,373,GreenlandPeriph_BoxesUpdated,/Users/julialiu/Documents/M_Thesis/PS_original/Gr_boxes/GreenlandPeriph_BoxesUpdated.shp,2201.1008
0,374,GreenlandPeriph_BoxesUpdated,/Users/julialiu/Documents/M_Thesis/PS_original/Gr_boxes/GreenlandPeriph_BoxesUpdated.shp,1972.1399
0,375,GreenlandPeriph_BoxesUpdated,/Users/julialiu/Documents/M_Thesis/PS_original/Gr_boxes/GreenlandPeriph_BoxesUpdated.shp,1445.5865
0,376,GreenlandPeriph_BoxesUpdated,/Users/julialiu/Documents/M_Thesis/PS_original/Gr_boxes/GreenlandPeriph_BoxesUpdated.shp,1682.5549
0,377,GreenlandPeriph_BoxesUpdated,/Users/julialiu/Documents/M_Thesis/PS_original/Gr_boxes/GreenlandPeriph_BoxesUpdated.shp,1051.8502
0,378,GreenlandPeriph_BoxesUpdated,/Users/julialiu/Documents/M_Thesis/PS_original/Gr_boxes/GreenlandPeriph_BoxesUpdated.shp,1004.0163
0,379,GreenlandPeriph_BoxesUpdated,/Users/julialiu/Documents/M_Thesis/PS_original/Gr_boxes/GreenlandPeriph_BoxesUpdated.shp,2599.3586
0,380,GreenlandPeriph_BoxesUpdated,/Users/julialiu/Documents/M_Thesis/PS_original/Gr_boxes/GreenlandPeriph_BoxesUpdated.shp,2519.183
0,381,GreenlandPeriph_BoxesUpdated,/Users/julialiu/Documents/M_Thesis/PS_original/Gr_boxes/GreenlandPeriph_BoxesUpdated.shp,1785.8086
0,382,GreenlandPeriph_BoxesUpdated,/Users/julialiu/Documents/M_Thesis/PS_original/Gr_boxes/GreenlandPeriph_BoxesUpdated.shp,1501.3207
0,383,GreenlandPeriph_BoxesUpdated,/Users/julialiu/Documents/M_Thesis/PS_original/Gr_boxes/GreenlandPeriph_BoxesUpdated.shp,1246.646
0,384,GreenlandPeriph_BoxesUpdated,/Users/julialiu/Documents/M_Thesis/PS_original/Gr_boxes/GreenlandPeriph_BoxesUpdated.shp,1939.995
0,385,GreenlandPeriph_BoxesUpdated,/Users/julialiu/Documents/M_Thesis/PS_original/Gr_boxes/GreenlandPeriph_BoxesUpdated.shp,1936.5156
0,386,GreenlandPeriph_BoxesUpdated,/Users/julialiu/Documents/M_Thesis/PS_original/Gr_boxes/GreenlandPeriph_BoxesUpdated.shp,4568.9843
0,387,GreenlandPeriph_BoxesUpdated,/Users/julialiu/Documents/M_Thesis/PS_original/Gr_boxes/GreenlandPeriph_BoxesUpdated.shp,841.96798
0,388,GreenlandPeriph_BoxesUpdated,/Users/julialiu/Documents/M_Thesis/PS_original/Gr_boxes/GreenlandPeriph_BoxesUpdated.shp,2473.2638
0,389,GreenlandPeriph_BoxesUpdated,/Users/julialiu/Documents/M_Thesis/PS_original/Gr_boxes/GreenlandPeriph_BoxesUpdated.shp,2154.5729
0,390,GreenlandPeriph_BoxesUpdated,/Users/julialiu/Documents/M_Thesis/PS_original/Gr_boxes/GreenlandPeriph_BoxesUpdated.shp,2171.13
0,391,GreenlandPeriph_BoxesUpdated,/Users/julialiu/Documents/M_Thesis/PS_original/Gr_boxes/GreenlandPeriph_BoxesUpdated.shp,2209.3245
0,392,GreenlandPeriph_BoxesUpdated,/Users/julialiu/Documents/M_Thesis/PS_original/Gr_boxes/GreenlandPeriph_BoxesUpdated.shp,2228.7097
0,393,GreenlandPeriph_BoxesUpdated,/Users/julialiu/Documents/M_Thesis/PS_original/Gr_boxes/GreenlandPeriph_BoxesUpdated.shp,902.05386
0,394,GreenlandPeriph_BoxesUpdated,/Users/julialiu/Documents/M_Thesis/PS_original/Gr_boxes/GreenlandPeriph_BoxesUpdated.shp,1652.2404
0,395,GreenlandPeriph_BoxesUpdated,/Users/julialiu/Documents/M_Thesis/PS_original/Gr_boxes/GreenlandPeriph_BoxesUpdated.shp,2054.7824
0,396,GreenlandPeriph_BoxesUpdated,/Users/julialiu/Documents/M_Thesis/PS_original/Gr_boxes/GreenlandPeriph_BoxesUpdated.shp,2087.1036
0,397,GreenlandPeriph_BoxesUpdated,/Users/julialiu/Documents/M_Thesis/PS_original/Gr_boxes/GreenlandPeriph_BoxesUpdated.shp,2378.1948
0,398,GreenlandPeriph_BoxesUpdated,/Users/julialiu/Documents/M_Thesis/PS_original/Gr_boxes/GreenlandPeriph_BoxesUpdated.shp,4283.6713
0,399,GreenlandPeriph_BoxesUpdated,/Users/julialiu/Documents/M_Thesis/PS_original/Gr_boxes/GreenlandPeriph_BoxesUpdated.shp,2546.8181
0,400,GreenlandPeriph_BoxesUpdated,/Users/julialiu/Documents/M_Thesis/PS_original/Gr_boxes/GreenlandPeriph_BoxesUpdated.shp,1572.2234
0,401,GreenlandPeriph_BoxesUpdated,/Users/julialiu/Documents/M_Thesis/PS_original/Gr_boxes/GreenlandPeriph_BoxesUpdated.shp,1195.2575
0,402,GreenlandPeriph_BoxesUpdated,/Users/julialiu/Documents/M_Thesis/PS_original/Gr_boxes/GreenlandPeriph_BoxesUpdated.shp,2362.0063
0,403,GreenlandPeriph_BoxesUpdated,/Users/julialiu/Documents/M_Thesis/PS_original/Gr_boxes/GreenlandPeriph_BoxesUpdated.shp,1679.1775
0,404,GreenlandPeriph_BoxesUpdated,/Users/julialiu/Documents/M_Thesis/PS_original/Gr_boxes/GreenlandPeriph_BoxesUpdated.shp,1643.3154
0,405,GreenlandPeriph_BoxesUpdated,/Users/julialiu/Documents/M_Thesis/PS_original/Gr_boxes/GreenlandPeriph_BoxesUpdated.shp,1897.7012
0,406,GreenlandPeriph_BoxesUpdated,/Users/julialiu/Documents/M_Thesis/PS_original/Gr_boxes/GreenlandPeriph_BoxesUpdated.shp,2004.355
0,407,GreenlandPeriph_BoxesUpdated,/Users/julialiu/Documents/M_Thesis/PS_original/Gr_boxes/GreenlandPeriph_BoxesUpdated.shp,1485.0905
0,408,GreenlandPeriph_BoxesUpdated,/Users/julialiu/Documents/M_Thesis/PS_original/Gr_boxes/GreenlandPeriph_BoxesUpdated.shp,2335.3494
0,409,GreenlandPeriph_BoxesUpdated,/Users/julialiu/Documents/M_Thesis/PS_original/Gr_boxes/GreenlandPeriph_BoxesUpdated.shp,2579.2651
0,410,GreenlandPeriph_BoxesUpdated,/Users/julialiu/Documents/M_Thesis/PS_original/Gr_boxes/GreenlandPeriph_BoxesUpdated.shp,1829.5694
0,411,GreenlandPeriph_BoxesUpdated,/Users/julialiu/Documents/M_Thesis/PS_original/Gr_boxes/GreenlandPeriph_BoxesUpdated.shp,1217.9013
0,412,GreenlandPeriph_BoxesUpdated,/Users/julialiu/Documents/M_Thesis/PS_original/Gr_boxes/GreenlandPeriph_BoxesUpdated.shp,1598.5897
0,413,GreenlandPeriph_BoxesUpdated,/Users/julialiu/Documents/M_Thesis/PS_original/Gr_boxes/GreenlandPeriph_BoxesUpdated.shp,1442.3568
0,414,GreenlandPeriph_BoxesUpdated,/Users/julialiu/Documents/M_Thesis/PS_original/Gr_boxes/GreenlandPeriph_BoxesUpdated.shp,1182.3888
0,415,GreenlandPeriph_BoxesUpdated,/Users/julialiu/Documents/M_Thesis/PS_original/Gr_boxes/GreenlandPeriph_BoxesUpdated.shp,3415.9839
0,416,GreenlandPeriph_BoxesUpdated,/Users/julialiu/Documents/M_Thesis/PS_original/Gr_boxes/GreenlandPeriph_BoxesUpdated.shp,1082.0005
0,417,GreenlandPeriph_BoxesUpdated,/Users/julialiu/Documents/M_Thesis/PS_original/Gr_boxes/GreenlandPeriph_BoxesUpdated.shp,1385.9981
0,418,GreenlandPeriph_BoxesUpdated,/Users/julialiu/Documents/M_Thesis/PS_original/Gr_boxes/GreenlandPeriph_BoxesUpdated.shp,2844.106
0,419,GreenlandPeriph_BoxesUpdated,/Users/julialiu/Documents/M_Thesis/PS_original/Gr_boxes/GreenlandPeriph_BoxesUpdated.shp,1333.1719
0,420,GreenlandPeriph_BoxesUpdated,/Users/julialiu/Documents/M_Thesis/PS_original/Gr_boxes/GreenlandPeriph_BoxesUpdated.shp,2303.962
0,421,GreenlandPeriph_BoxesUpdated,/Users/julialiu/Documents/M_Thesis/PS_original/Gr_boxes/GreenlandPeriph_BoxesUpdated.shp,1836.4585
0,422,GreenlandPeriph_BoxesUpdated,/Users/julialiu/Documents/M_Thesis/PS_original/Gr_boxes/GreenlandPeriph_BoxesUpdated.shp,1437.1248
0,423,GreenlandPeriph_BoxesUpdated,/Users/julialiu/Documents/M_Thesis/PS_original/Gr_boxes/GreenlandPeriph_BoxesUpdated.shp,2758.2867
0,424,GreenlandPeriph_BoxesUpdated,/Users/julialiu/Documents/M_Thesis/PS_original/Gr_boxes/GreenlandPeriph_BoxesUpdated.shp,3888.0535
0,425,GreenlandPeriph_BoxesUpdated,/Users/julialiu/Documents/M_Thesis/PS_original/Gr_boxes/GreenlandPeriph_BoxesUpdated.shp,3552.6733
0,426,GreenlandPeriph_BoxesUpdated,/Users/julialiu/Documents/M_Thesis/PS_original/Gr_boxes/GreenlandPeriph_BoxesUpdated.shp,2222.3722
0,427,GreenlandPeriph_BoxesUpdated,/Users/julialiu/Documents/M_Thesis/PS_original/Gr_boxes/GreenlandPeriph_BoxesUpdated.shp,1802.0806
0,428,GreenlandPeriph_BoxesUpdated,/Users/julialiu/Documents/M_Thesis/PS_original/Gr_boxes/GreenlandPeriph_BoxesUpdated.shp,1832.3098
0,429,GreenlandPeriph_BoxesUpdated,/Users/julialiu/Documents/M_Thesis/PS_original/Gr_boxes/GreenlandPeriph_BoxesUpdated.shp,5627.3231
0,430,GreenlandPeriph_BoxesUpdated,/Users/julialiu/Documents/M_Thesis/PS_original/Gr_boxes/GreenlandPeriph_BoxesUpdated.shp,4974.8421
0,431,GreenlandPeriph_BoxesUpdated,/Users/julialiu/Documents/M_Thesis/PS_original/Gr_boxes/GreenlandPeriph_BoxesUpdated.shp,4302.0552
0,432,GreenlandPeriph_BoxesUpdated,/Users/julialiu/Documents/M_Thesis/PS_original/Gr_boxes/GreenlandPeriph_BoxesUpdated.shp,1016.9562
0,433,GreenlandPeriph_BoxesUpdated,/Users/julialiu/Documents/M_Thesis/PS_original/Gr_boxes/GreenlandPeriph_BoxesUpdated.shp,6293.3485
0,434,GreenlandPeriph_BoxesUpdated,/Users/julialiu/Documents/M_Thesis/PS_original/Gr_boxes/GreenlandPeriph_BoxesUpdated.shp,6327.6113
0,435,GreenlandPeriph_BoxesUpdated,/Users/julialiu/Documents/M_Thesis/PS_original/Gr_boxes/GreenlandPeriph_BoxesUpdated.shp,8864.1876
0,436,GreenlandPeriph_BoxesUpdated,/Users/julialiu/Documents/M_Thesis/PS_original/Gr_boxes/GreenlandPeriph_BoxesUpdated.shp,3565.6883
0,437,GreenlandPeriph_BoxesUpdated,/Users/julialiu/Documents/M_Thesis/PS_original/Gr_boxes/GreenlandPeriph_BoxesUpdated.shp,4124.8816
0,438,GreenlandPeriph_BoxesUpdated,/Users/julialiu/Documents/M_Thesis/PS_original/Gr_boxes/GreenlandPeriph_BoxesUpdated.shp,4064.876
0,439,GreenlandPeriph_BoxesUpdated,/Users/julialiu/Documents/M_Thesis/PS_original/Gr_boxes/GreenlandPeriph_BoxesUpdated.shp,8987.1549
0,440,GreenlandPeriph_BoxesUpdated,/Users/julialiu/Documents/M_Thesis/PS_original/Gr_boxes/GreenlandPeriph_BoxesUpdated.shp,5592.0402
0,441,GreenlandPeriph_BoxesUpdated,/Users/julialiu/Documents/M_Thesis/PS_original/Gr_boxes/GreenlandPeriph_BoxesUpdated.shp,6915.0552
0,442,GreenlandPeriph_BoxesUpdated,/Users/julialiu/Documents/M_Thesis/PS_original/Gr_boxes/GreenlandPeriph_BoxesUpdated.shp,5713.0196
0,443,GreenlandPeriph_BoxesUpdated,/Users/julialiu/Documents/M_Thesis/PS_original/Gr_boxes/GreenlandPeriph_BoxesUpdated.shp,5957.8994
0,444,GreenlandPeriph_BoxesUpdated,/Users/julialiu/Documents/M_Thesis/PS_original/Gr_boxes/GreenlandPeriph_BoxesUpdated.shp,1664.1663
0,445,GreenlandPeriph_BoxesUpdated,/Users/julialiu/Documents/M_Thesis/PS_original/Gr_boxes/GreenlandPeriph_BoxesUpdated.shp,2100.0792
0,446,GreenlandPeriph_BoxesUpdated,/Users/julialiu/Documents/M_Thesis/PS_original/Gr_boxes/GreenlandPeriph_BoxesUpdated.shp,1436.2158
0,447,GreenlandPeriph_BoxesUpdated,/Users/julialiu/Documents/M_Thesis/PS_original/Gr_boxes/GreenlandPeriph_BoxesUpdated.shp,6006.4518
0,448,GreenlandPeriph_BoxesUpdated,/Users/julialiu/Documents/M_Thesis/PS_original/Gr_boxes/GreenlandPeriph_BoxesUpdated.shp,12211.749
0,449,GreenlandPeriph_BoxesUpdated,/Users/julialiu/Documents/M_Thesis/PS_original/Gr_boxes/GreenlandPeriph_BoxesUpdated.shp,6364.8989
0,450,GreenlandPeriph_BoxesUpdated,/Users/julialiu/Documents/M_Thesis/PS_original/Gr_boxes/GreenlandPeriph_BoxesUpdated.shp,3035.7932
0,451,GreenlandPeriph_BoxesUpdated,/Users/julialiu/Documents/M_Thesis/PS_original/Gr_boxes/GreenlandPeriph_BoxesUpdated.shp,3368.1846
0,452,GreenlandPeriph_BoxesUpdated,/Users/julialiu/Documents/M_Thesis/PS_original/Gr_boxes/GreenlandPeriph_BoxesUpdated.shp,6198.3337
0,453,GreenlandPeriph_BoxesUpdated,/Users/julialiu/Documents/M_Thesis/PS_original/Gr_boxes/GreenlandPeriph_BoxesUpdated.shp,5308.5538
0,454,GreenlandPeriph_BoxesUpdated,/Users/julialiu/Documents/M_Thesis/PS_original/Gr_boxes/GreenlandPeriph_BoxesUpdated.shp,2848.3781
0,455,GreenlandPeriph_BoxesUpdated,/Users/julialiu/Documents/M_Thesis/PS_original/Gr_boxes/GreenlandPeriph_BoxesUpdated.shp,2642.7581
0,456,GreenlandPeriph_BoxesUpdated,/Users/julialiu/Documents/M_Thesis/PS_original/Gr_boxes/GreenlandPeriph_BoxesUpdated.shp,1784.7426
0,457,GreenlandPeriph_BoxesUpdated,/Users/julialiu/Documents/M_Thesis/PS_original/Gr_boxes/GreenlandPeriph_BoxesUpdated.shp,2108.3791
0,458,GreenlandPeriph_BoxesUpdated,/Users/julialiu/Documents/M_Thesis/PS_original/Gr_boxes/GreenlandPeriph_BoxesUpdated.shp,2487.2762
0,459,GreenlandPeriph_BoxesUpdated,/Users/julialiu/Documents/M_Thesis/PS_original/Gr_boxes/GreenlandPeriph_BoxesUpdated.shp,3972.8523
0,460,GreenlandPeriph_BoxesUpdated,/Users/julialiu/Documents/M_Thesis/PS_original/Gr_boxes/GreenlandPeriph_BoxesUpdated.shp,4921.1365
0,461,GreenlandPeriph_BoxesUpdated,/Users/julialiu/Documents/M_Thesis/PS_original/Gr_boxes/GreenlandPeriph_BoxesUpdated.shp,2603.815
0,462,GreenlandPeriph_BoxesUpdated,/Users/julialiu/Documents/M_Thesis/PS_original/Gr_boxes/GreenlandPeriph_BoxesUpdated.shp,2459.2443
0,463,GreenlandPeriph_BoxesUpdated,/Users/julialiu/Documents/M_Thesis/PS_original/Gr_boxes/GreenlandPeriph_BoxesUpdated.shp,4447.8218
0,464,GreenlandPeriph_BoxesUpdated,/Users/julialiu/Documents/M_Thesis/PS_original/Gr_boxes/GreenlandPeriph_BoxesUpdated.shp,5101.4571
0,465,GreenlandPeriph_BoxesUpdated,/Users/julialiu/Documents/M_Thesis/PS_original/Gr_boxes/GreenlandPeriph_BoxesUpdated.shp,2937.2246
0,466,GreenlandPeriph_BoxesUpdated,/Users/julialiu/Documents/M_Thesis/PS_original/Gr_boxes/GreenlandPeriph_BoxesUpdated.shp,8578.6044
0,467,,/Users/julialiu/Documents/M_Thesis/Data/GEEDiT_lines/Box467_manual/Box467_adj.shp,9263.5996
0,468,GreenlandPeriph_BoxesUpdated,/Users/julialiu/Documents/M_Thesis/PS_original/Gr_boxes/GreenlandPeriph_BoxesUpdated.shp,1650.4981
0,469,GreenlandPeriph_BoxesUpdated,/Users/julialiu/Documents/M_Thesis/PS_original/Gr_boxes/GreenlandPeriph_BoxesUpdated.shp,5027.3706
0,470,GreenlandPeriph_BoxesUpdated,/Users/julialiu/Documents/M_Thesis/PS_original/Gr_boxes/GreenlandPeriph_BoxesUpdated.shp,11099.345
0,471,GreenlandPeriph_BoxesUpdated,/Users/julialiu/Documents/M_Thesis/PS_original/Gr_boxes/GreenlandPeriph_BoxesUpdated.shp,8556.9315
0,472,GreenlandPeriph_BoxesUpdated,/Users/julialiu/Documents/M_Thesis/PS_original/Gr_boxes/GreenlandPeriph_BoxesUpdated.shp,1440.9071
0,473,GreenlandPeriph_BoxesUpdated,/Users/julialiu/Documents/M_Thesis/PS_original/Gr_boxes/GreenlandPeriph_BoxesUpdated.shp,2081.1865
0,474,GreenlandPeriph_BoxesUpdated,/Users/julialiu/Documents/M_Thesis/PS_original/Gr_boxes/GreenlandPeriph_BoxesUpdated.shp,1260.2992
0,475,GreenlandPeriph_BoxesUpdated,/Users/julialiu/Documents/M_Thesis/PS_original/Gr_boxes/GreenlandPeriph_BoxesUpdated.shp,1202.2675
0,476,GreenlandPeriph_BoxesUpdated,/Users/julialiu/Documents/M_Thesis/PS_original/Gr_boxes/GreenlandPeriph_BoxesUpdated.shp,1426.4524
0,477,GreenlandPeriph_BoxesUpdated,/Users/julialiu/Documents/M_Thesis/PS_original/Gr_boxes/GreenlandPeriph_BoxesUpdated.shp,3541.6402
0,478,GreenlandPeriph_BoxesUpdated,/Users/julialiu/Documents/M_Thesis/PS_original/Gr_boxes/GreenlandPeriph_BoxesUpdated.shp,1045.8592
0,479,GreenlandPeriph_BoxesUpdated,/Users/julialiu/Documents/M_Thesis/PS_original/Gr_boxes/GreenlandPeriph_BoxesUpdated.shp,2121.4675
0,480,GreenlandPeriph_BoxesUpdated,/Users/julialiu/Documents/M_Thesis/PS_original/Gr_boxes/GreenlandPeriph_BoxesUpdated.shp,1074.8979
0,481,GreenlandPeriph_BoxesUpdated,/Users/julialiu/Documents/M_Thesis/PS_original/Gr_boxes/GreenlandPeriph_BoxesUpdated.shp,731.91847
0,482,GreenlandPeriph_BoxesUpdated,/Users/julialiu/Documents/M_Thesis/PS_original/Gr_boxes/GreenlandPeriph_BoxesUpdated.shp,933.86836
0,483,GreenlandPeriph_BoxesUpdated,/Users/julialiu/Documents/M_Thesis/PS_original/Gr_boxes/GreenlandPeriph_BoxesUpdated.shp,987.61707
0,484,GreenlandPeriph_BoxesUpdated,/Users/julialiu/Documents/M_Thesis/PS_original/Gr_boxes/GreenlandPeriph_BoxesUpdated.shp,971.24739
0,485,GreenlandPeriph_BoxesUpdated,/Users/julialiu/Documents/M_Thesis/PS_original/Gr_boxes/GreenlandPeriph_BoxesUpdated.shp,785.19147
0,486,GreenlandPeriph_BoxesUpdated,/Users/julialiu/Documents/M_Thesis/PS_original/Gr_boxes/GreenlandPeriph_BoxesUpdated.shp,967.33834
0,487,GreenlandPeriph_BoxesUpdated,/Users/julialiu/Documents/M_Thesis/PS_original/Gr_boxes/GreenlandPeriph_BoxesUpdated.shp,1064.0849
0,488,GreenlandPeriph_BoxesUpdated,/Users/julialiu/Documents/M_Thesis/PS_original/Gr_boxes/GreenlandPeriph_BoxesUpdated.shp,1602.4635
0,489,GreenlandPeriph_BoxesUpdated,/Users/julialiu/Documents/M_Thesis/PS_original/Gr_boxes/GreenlandPeriph_BoxesUpdated.shp,748.51402
0,490,GreenlandPeriph_BoxesUpdated,/Users/julialiu/Documents/M_Thesis/PS_original/Gr_boxes/GreenlandPeriph_BoxesUpdated.shp,1082.3359
0,491,GreenlandPeriph_BoxesUpdated,/Users/julialiu/Documents/M_Thesis/PS_original/Gr_boxes/GreenlandPeriph_BoxesUpdated.shp,1139.5519
0,492,GreenlandPeriph_BoxesUpdated,/Users/julialiu/Documents/M_Thesis/PS_original/Gr_boxes/GreenlandPeriph_BoxesUpdated.shp,1279.9055
0,493,GreenlandPeriph_BoxesUpdated,/Users/julialiu/Documents/M_Thesis/PS_original/Gr_boxes/GreenlandPeriph_BoxesUpdated.shp,1334.3342
0,494,GreenlandPeriph_BoxesUpdated,/Users/julialiu/Documents/M_Thesis/PS_original/Gr_boxes/GreenlandPeriph_BoxesUpdated.shp,2236.8638
0,495,GreenlandPeriph_BoxesUpdated,/Users/julialiu/Documents/M_Thesis/PS_original/Gr_boxes/GreenlandPeriph_BoxesUpdated.shp,1243.1946
0,496,GreenlandPeriph_BoxesUpdated,/Users/julialiu/Documents/M_Thesis/PS_original/Gr_boxes/GreenlandPeriph_BoxesUpdated.shp,3836.3881
0,497,GreenlandPeriph_BoxesUpdated,/Users/julialiu/Documents/M_Thesis/PS_original/Gr_boxes/GreenlandPeriph_BoxesUpdated.shp,1346.0439
0,498,GreenlandPeriph_BoxesUpdated,/Users/julialiu/Documents/M_Thesis/PS_original/Gr_boxes/GreenlandPeriph_BoxesUpdated.shp,1279.845
0,499,GreenlandPeriph_BoxesUpdated,/Users/julialiu/Documents/M_Thesis/PS_original/Gr_boxes/GreenlandPeriph_BoxesUpdated.shp,1111.0315
0,500,GreenlandPeriph_BoxesUpdated,/Users/julialiu/Documents/M_Thesis/PS_original/Gr_boxes/GreenlandPeriph_BoxesUpdated.shp,1611.528
0,501,GreenlandPeriph_BoxesUpdated,/Users/julialiu/Documents/M_Thesis/PS_original/Gr_boxes/GreenlandPeriph_BoxesUpdated.shp,1694.395
0,502,GreenlandPeriph_BoxesUpdated,/Users/julialiu/Documents/M_Thesis/PS_original/Gr_boxes/GreenlandPeriph_BoxesUpdated.shp,3825.1225
0,503,GreenlandPeriph_BoxesUpdated,/Users/julialiu/Documents/M_Thesis/PS_original/Gr_boxes/GreenlandPeriph_BoxesUpdated.shp,1246.754
0,504,GreenlandPeriph_BoxesUpdated,/Users/julialiu/Documents/M_Thesis/PS_original/Gr_boxes/GreenlandPeriph_BoxesUpdated.shp,3468.2703
0,505,GreenlandPeriph_BoxesUpdated,/Users/julialiu/Documents/M_Thesis/PS_original/Gr_boxes/GreenlandPeriph_BoxesUpdated.shp,3637.459
0,506,GreenlandPeriph_BoxesUpdated,/Users/julialiu/Documents/M_Thesis/PS_original/Gr_boxes/GreenlandPeriph_BoxesUpdated.shp,2063.5241
0,507,GreenlandPeriph_BoxesUpdated,/Users/julialiu/Documents/M_Thesis/PS_original/Gr_boxes/GreenlandPeriph_BoxesUpdated.shp,3278.0328
0,508,GreenlandPeriph_BoxesUpdated,/Users/julialiu/Documents/M_Thesis/PS_original/Gr_boxes/GreenlandPeriph_BoxesUpdated.shp,1957.6266
0,509,GreenlandPeriph_BoxesUpdated,/Users/julialiu/Documents/M_Thesis/PS_original/Gr_boxes/GreenlandPeriph_BoxesUpdated.shp,3538.0649
0,510,GreenlandPeriph_BoxesUpdated,/Users/julialiu/Documents/M_Thesis/PS_original/Gr_boxes/GreenlandPeriph_BoxesUpdated.shp,1641.7879
0,511,GreenlandPeriph_BoxesUpdated,/Users/julialiu/Documents/M_Thesis/PS_original/Gr_boxes/GreenlandPeriph_BoxesUpdated.shp,3136.233
0,512,GreenlandPeriph_BoxesUpdated,/Users/julialiu/Documents/M_Thesis/PS_original/Gr_boxes/GreenlandPeriph_BoxesUpdated.shp,1536.5811
0,513,GreenlandPeriph_BoxesUpdated,/Users/julialiu/Documents/M_Thesis/PS_original/Gr_boxes/GreenlandPeriph_BoxesUpdated.shp,3431.7429
0,514,GreenlandPeriph_BoxesUpdated,/Users/julialiu/Documents/M_Thesis/PS_original/Gr_boxes/GreenlandPeriph_BoxesUpdated.shp,1802.9748
0,515,GreenlandPeriph_BoxesUpdated,/Users/julialiu/Documents/M_Thesis/PS_original/Gr_boxes/GreenlandPeriph_BoxesUpdated.shp,5439.6131
0,516,GreenlandPeriph_BoxesUpdated,/Users/julialiu/Documents/M_Thesis/PS_original/Gr_boxes/GreenlandPeriph_BoxesUpdated.shp,1209.7954
0,517,GreenlandPeriph_BoxesUpdated,/Users/julialiu/Documents/M_Thesis/PS_original/Gr_boxes/GreenlandPeriph_BoxesUpdated.shp,2541.0259
0,518,GreenlandPeriph_BoxesUpdated,/Users/julialiu/Documents/M_Thesis/PS_original/Gr_boxes/GreenlandPeriph_BoxesUpdated.shp,1505.135
0,519,GreenlandPeriph_BoxesUpdated,/Users/julialiu/Documents/M_Thesis/PS_original/Gr_boxes/GreenlandPeriph_BoxesUpdated.shp,1141.3958
0,520,GreenlandPeriph_BoxesUpdated,/Users/julialiu/Documents/M_Thesis/PS_original/Gr_boxes/GreenlandPeriph_BoxesUpdated.shp,1430.1655
0,521,GreenlandPeriph_BoxesUpdated,/Users/julialiu/Documents/M_Thesis/PS_original/Gr_boxes/GreenlandPeriph_BoxesUpdated.shp,754.63304
0,522,GreenlandPeriph_BoxesUpdated,/Users/julialiu/Documents/M_Thesis/PS_original/Gr_boxes/GreenlandPeriph_BoxesUpdated.shp,1859.8066
0,523,GreenlandPeriph_BoxesUpdated,/Users/julialiu/Documents/M_Thesis/PS_original/Gr_boxes/GreenlandPeriph_BoxesUpdated.shp,1556.8584
0,524,GreenlandPeriph_BoxesUpdated,/Users/julialiu/Documents/M_Thesis/PS_original/Gr_boxes/GreenlandPeriph_BoxesUpdated.shp,2568.5839
0,525,GreenlandPeriph_BoxesUpdated,/Users/julialiu/Documents/M_Thesis/PS_original/Gr_boxes/GreenlandPeriph_BoxesUpdated.shp,3061.4307
0,526,GreenlandPeriph_BoxesUpdated,/Users/julialiu/Documents/M_Thesis/PS_original/Gr_boxes/GreenlandPeriph_BoxesUpdated.shp,8342.8241
0,527,GreenlandPeriph_BoxesUpdated,/Users/julialiu/Documents/M_Thesis/PS_original/Gr_boxes/GreenlandPeriph_BoxesUpdated.shp,3066.6786
0,528,GreenlandPeriph_BoxesUpdated,/Users/julialiu/Documents/M_Thesis/PS_original/Gr_boxes/GreenlandPeriph_BoxesUpdated.shp,9644.9048
0,529,GreenlandPeriph_BoxesUpdated,/Users/julialiu/Documents/M_Thesis/PS_original/Gr_boxes/GreenlandPeriph_BoxesUpdated.shp,3133.4137
0,530,GreenlandPeriph_BoxesUpdated,/Users/julialiu/Documents/M_Thesis/PS_original/Gr_boxes/GreenlandPeriph_BoxesUpdated.shp,4090.8524
0,531,,/Users/julialiu/Documents/M_Thesis/Data/GEEDiT_lines/Box531_manual/Box531_adj.shp,2657.5552
0,532,GreenlandPeriph_BoxesUpdated,/Users/julialiu/Documents/M_Thesis/PS_original/Gr_boxes/GreenlandPeriph_BoxesUpdated.shp,1138.4726
0,533,GreenlandPeriph_BoxesUpdated,/Users/julialiu/Documents/M_Thesis/PS_original/Gr_boxes/GreenlandPeriph_BoxesUpdated.shp,957.71056
0,534,GreenlandPeriph_BoxesUpdated,/Users/julialiu/Documents/M_Thesis/PS_original/Gr_boxes/GreenlandPeriph_BoxesUpdated.shp,930.6839
0,535,GreenlandPeriph_BoxesUpdated,/Users/julialiu/Documents/M_Thesis/PS_original/Gr_boxes/GreenlandPeriph_BoxesUpdated.shp,742.64157
0,536,GreenlandPeriph_BoxesUpdated,/Users/julialiu/Documents/M_Thesis/PS_original/Gr_boxes/GreenlandPeriph_BoxesUpdated.shp,702.26373
0,537,GreenlandPeriph_BoxesUpdated,/Users/julialiu/Documents/M_Thesis/PS_original/Gr_boxes/GreenlandPeriph_BoxesUpdated.shp,851.39837
0,538,GreenlandPeriph_BoxesUpdated,/Users/julialiu/Documents/M_Thesis/PS_original/Gr_boxes/GreenlandPeriph_BoxesUpdated.shp,1110.5259
0,539,GreenlandPeriph_BoxesUpdated,/Users/julialiu/Documents/M_Thesis/PS_original/Gr_boxes/GreenlandPeriph_BoxesUpdated.shp,3130.4599
0,540,GreenlandPeriph_BoxesUpdated,/Users/julialiu/Documents/M_Thesis/PS_original/Gr_boxes/GreenlandPeriph_BoxesUpdated.shp,1587.4056
0,541,GreenlandPeriph_BoxesUpdated,/Users/julialiu/Documents/M_Thesis/PS_original/Gr_boxes/GreenlandPeriph_BoxesUpdated.shp,1000.3386
0,542,GreenlandPeriph_BoxesUpdated,/Users/julialiu/Documents/M_Thesis/PS_original/Gr_boxes/GreenlandPeriph_BoxesUpdated.shp,1372.8553
0,543,GreenlandPeriph_BoxesUpdated,/Users/julialiu/Documents/M_Thesis/PS_original/Gr_boxes/GreenlandPeriph_BoxesUpdated.shp,1161.3054
0,544,GreenlandPeriph_BoxesUpdated,/Users/julialiu/Documents/M_Thesis/PS_original/Gr_boxes/GreenlandPeriph_BoxesUpdated.shp,4847.6047
0,545,GreenlandPeriph_BoxesUpdated,/Users/julialiu/Documents/M_Thesis/PS_original/Gr_boxes/GreenlandPeriph_BoxesUpdated.shp,979.98624
0,546,GreenlandPeriph_BoxesUpdated,/Users/julialiu/Documents/M_Thesis/PS_original/Gr_boxes/GreenlandPeriph_BoxesUpdated.shp,891.84605
0,547,GreenlandPeriph_BoxesUpdated,/Users/julialiu/Documents/M_Thesis/PS_original/Gr_boxes/GreenlandPeriph_BoxesUpdated.shp,4642.442
0,548,GreenlandPeriph_BoxesUpdated,/Users/julialiu/Documents/M_Thesis/PS_original/Gr_boxes/GreenlandPeriph_BoxesUpdated.shp,2131.0231
0,549,GreenlandPeriph_BoxesUpdated,/Users/julialiu/Documents/M_Thesis/PS_original/Gr_boxes/GreenlandPeriph_BoxesUpdated.shp,2065.7025
0,550,GreenlandPeriph_BoxesUpdated,/Users/julialiu/Documents/M_Thesis/PS_original/Gr_boxes/GreenlandPeriph_BoxesUpdated.shp,1894.0235
0,551,GreenlandPeriph_BoxesUpdated,/Users/julialiu/Documents/M_Thesis/PS_original/Gr_boxes/GreenlandPeriph_BoxesUpdated.shp,3394.6618
0,552,GreenlandPeriph_BoxesUpdated,/Users/julialiu/Documents/M_Thesis/PS_original/Gr_boxes/GreenlandPeriph_BoxesUpdated.shp,756.22681
0,553,GreenlandPeriph_BoxesUpdated,/Users/julialiu/Documents/M_Thesis/PS_original/Gr_boxes/GreenlandPeriph_BoxesUpdated.shp,1511.5411
0,554,GreenlandPeriph_BoxesUpdated,/Users/julialiu/Documents/M_Thesis/PS_original/Gr_boxes/GreenlandPeriph_BoxesUpdated.shp,985.14911
0,555,GreenlandPeriph_BoxesUpdated,/Users/julialiu/Documents/M_Thesis/PS_original/Gr_boxes/GreenlandPeriph_BoxesUpdated.shp,1719.012
0,556,GreenlandPeriph_BoxesUpdated,/Users/julialiu/Documents/M_Thesis/PS_original/Gr_boxes/GreenlandPeriph_BoxesUpdated.shp,985.13545
0,557,GreenlandPeriph_BoxesUpdated,/Users/julialiu/Documents/M_Thesis/PS_original/Gr_boxes/GreenlandPeriph_BoxesUpdated.shp,4746.7159
0,558,GreenlandPeriph_BoxesUpdated,/Users/julialiu/Documents/M_Thesis/PS_original/Gr_boxes/GreenlandPeriph_BoxesUpdated.shp,7328.369
0,559,GreenlandPeriph_BoxesUpdated,/Users/julialiu/Documents/M_Thesis/PS_original/Gr_boxes/GreenlandPeriph_BoxesUpdated.shp,2370.1832
0,560,GreenlandPeriph_BoxesUpdated,/Users/julialiu/Documents/M_Thesis/PS_original/Gr_boxes/GreenlandPeriph_BoxesUpdated.shp,3828.7429
0,561,GreenlandPeriph_BoxesUpdated,/Users/julialiu/Documents/M_Thesis/PS_original/Gr_boxes/GreenlandPeriph_BoxesUpdated.shp,3480.8815
0,562,GreenlandPeriph_BoxesUpdated,/Users/julialiu/Documents/M_Thesis/PS_original/Gr_boxes/GreenlandPeriph_BoxesUpdated.shp,9589.648
0,563,GreenlandPeriph_BoxesUpdated,/Users/julialiu/Documents/M_Thesis/PS_original/Gr_boxes/GreenlandPeriph_BoxesUpdated.shp,20545.809
0,564,GreenlandPeriph_BoxesUpdated,/Users/julialiu/Documents/M_Thesis/PS_original/Gr_boxes/GreenlandPeriph_BoxesUpdated.shp,13355.462
0,565,GreenlandPeriph_BoxesUpdated,/Users/julialiu/Documents/M_Thesis/PS_original/Gr_boxes/GreenlandPeriph_BoxesUpdated.shp,2470.9572
0,566,GreenlandPeriph_BoxesUpdated,/Users/julialiu/Documents/M_Thesis/PS_original/Gr_boxes/GreenlandPeriph_BoxesUpdated.shp,4826.5286
0,567,GreenlandPeriph_BoxesUpdated,/Users/julialiu/Documents/M_Thesis/PS_original/Gr_boxes/GreenlandPeriph_BoxesUpdated.shp,4563.9794
0,568,GreenlandPeriph_BoxesUpdated,/Users/julialiu/Documents/M_Thesis/PS_original/Gr_boxes/GreenlandPeriph_BoxesUpdated.shp,1435.0845
0,569,GreenlandPeriph_BoxesUpdated,/Users/julialiu/Documents/M_Thesis/PS_original/Gr_boxes/GreenlandPeriph_BoxesUpdated.shp,4152.9754
0,570,GreenlandPeriph_BoxesUpdated,/Users/julialiu/Documents/M_Thesis/PS_original/Gr_boxes/GreenlandPeriph_BoxesUpdated.shp,2118.5986
0,571,GreenlandPeriph_BoxesUpdated,/Users/julialiu/Documents/M_Thesis/PS_original/Gr_boxes/GreenlandPeriph_BoxesUpdated.shp,2292.0524
0,572,GreenlandPeriph_BoxesUpdated,/Users/julialiu/Documents/M_Thesis/PS_original/Gr_boxes/GreenlandPeriph_BoxesUpdated.shp,1340.2181
0,573,GreenlandPeriph_BoxesUpdated,/Users/julialiu/Documents/M_Thesis/PS_original/Gr_boxes/GreenlandPeriph_BoxesUpdated.shp,1716.3045
0,574,GreenlandPeriph_BoxesUpdated,/Users/julialiu/Documents/M_Thesis/PS_original/Gr_boxes/GreenlandPeriph_BoxesUpdated.shp,1990.6022
0,575,GreenlandPeriph_BoxesUpdated,/Users/julialiu/Documents/M_Thesis/PS_original/Gr_boxes/GreenlandPeriph_BoxesUpdated.shp,2228.3913
0,576,GreenlandPeriph_BoxesUpdated,/Users/julialiu/Documents/M_Thesis/PS_original/Gr_boxes/GreenlandPeriph_BoxesUpdated.shp,1441.6645
0,577,GreenlandPeriph_BoxesUpdated,/Users/julialiu/Documents/M_Thesis/PS_original/Gr_boxes/GreenlandPeriph_BoxesUpdated.shp,9239.0649
0,578,GreenlandPeriph_BoxesUpdated,/Users/julialiu/Documents/M_Thesis/PS_original/Gr_boxes/GreenlandPeriph_BoxesUpdated.shp,3703.5047
0,579,GreenlandPeriph_BoxesUpdated,/Users/julialiu/Documents/M_Thesis/PS_original/Gr_boxes/GreenlandPeriph_BoxesUpdated.shp,1888.3988
0,580,GreenlandPeriph_BoxesUpdated,/Users/julialiu/Documents/M_Thesis/PS_original/Gr_boxes/GreenlandPeriph_BoxesUpdated.shp,3824.8243
0,581,GreenlandPeriph_BoxesUpdated,/Users/julialiu/Documents/M_Thesis/PS_original/Gr_boxes/GreenlandPeriph_BoxesUpdated.shp,1696.313
0,582,GreenlandPeriph_BoxesUpdated,/Users/julialiu/Documents/M_Thesis/PS_original/Gr_boxes/GreenlandPeriph_BoxesUpdated.shp,985.38515
0,583,GreenlandPeriph_BoxesUpdated,/Users/julialiu/Documents/M_Thesis/PS_original/Gr_boxes/GreenlandPeriph_BoxesUpdated.shp,1674.4975
0,584,GreenlandPeriph_BoxesUpdated,/Users/julialiu/Documents/M_Thesis/PS_original/Gr_boxes/GreenlandPeriph_BoxesUpdated.shp,1329.6812
0,585,GreenlandPeriph_BoxesUpdated,/Users/julialiu/Documents/M_Thesis/PS_original/Gr_boxes/GreenlandPeriph_BoxesUpdated.shp,1028.817
0,586,GreenlandPeriph_BoxesUpdated,/Users/julialiu/Documents/M_Thesis/PS_original/Gr_boxes/GreenlandPeriph_BoxesUpdated.shp,1515.1586
0,587,GreenlandPeriph_BoxesUpdated,/Users/julialiu/Documents/M_Thesis/PS_original/Gr_boxes/GreenlandPeriph_BoxesUpdated.shp,3589.4505
0,588,GreenlandPeriph_BoxesUpdated,/Users/julialiu/Documents/M_Thesis/PS_original/Gr_boxes/GreenlandPeriph_BoxesUpdated.shp,2884.5004
0,589,GreenlandPeriph_BoxesUpdated,/Users/julialiu/Documents/M_Thesis/PS_original/Gr_boxes/GreenlandPeriph_BoxesUpdated.shp,3166.5631
0,590,GreenlandPeriph_BoxesUpdated,/Users/julialiu/Documents/M_Thesis/PS_original/Gr_boxes/GreenlandPeriph_BoxesUpdated.shp,1352.8018
0,591,GreenlandPeriph_BoxesUpdated,/Users/julialiu/Documents/M_Thesis/PS_original/Gr_boxes/GreenlandPeriph_BoxesUpdated.shp,1536.8378
0,592,GreenlandPeriph_BoxesUpdated,/Users/julialiu/Documents/M_Thesis/PS_original/Gr_boxes/GreenlandPeriph_BoxesUpdated.shp,906.88399
0,593,GreenlandPeriph_BoxesUpdated,/Users/julialiu/Documents/M_Thesis/PS_original/Gr_boxes/GreenlandPeriph_BoxesUpdated.shp,2750.9313
0,594,GreenlandPeriph_BoxesUpdated,/Users/julialiu/Documents/M_Thesis/PS_original/Gr_boxes/GreenlandPeriph_BoxesUpdated.shp,1464.7738
0,595,GreenlandPeriph_BoxesUpdated,/Users/julialiu/Documents/M_Thesis/PS_original/Gr_boxes/GreenlandPeriph_BoxesUpdated.shp,2166.5832
0,596,GreenlandPeriph_BoxesUpdated,/Users/julialiu/Documents/M_Thesis/PS_original/Gr_boxes/GreenlandPeriph_BoxesUpdated.shp,28404.484
0,597,GreenlandPeriph_BoxesUpdated,/Users/julialiu/Documents/M_Thesis/PS_original/Gr_boxes/GreenlandPeriph_BoxesUpdated.shp,26679.613
0,598,GreenlandPeriph_BoxesUpdated,/Users/julialiu/Documents/M_Thesis/PS_original/Gr_boxes/GreenlandPeriph_BoxesUpdated.shp,3788.0471
0,599,GreenlandPeriph_BoxesUpdated,/Users/julialiu/Documents/M_Thesis/PS_original/Gr_boxes/GreenlandPeriph_BoxesUpdated.shp,1736.2417
0,600,GreenlandPeriph_BoxesUpdated,/Users/julialiu/Documents/M_Thesis/PS_original/Gr_boxes/GreenlandPeriph_BoxesUpdated.shp,2284.3105
0,601,GreenlandPeriph_BoxesUpdated,/Users/julialiu/Documents/M_Thesis/PS_original/Gr_boxes/GreenlandPeriph_BoxesUpdated.shp,1038.8285
0,602,GreenlandPeriph_BoxesUpdated,/Users/julialiu/Documents/M_Thesis/PS_original/Gr_boxes/GreenlandPeriph_BoxesUpdated.shp,1304.7769
0,603,GreenlandPeriph_BoxesUpdated,/Users/julialiu/Documents/M_Thesis/PS_original/Gr_boxes/GreenlandPeriph_BoxesUpdated.shp,4044.6199
0,604,GreenlandPeriph_BoxesUpdated,/Users/julialiu/Documents/M_Thesis/PS_original/Gr_boxes/GreenlandPeriph_BoxesUpdated.shp,1605.3768
0,605,GreenlandPeriph_BoxesUpdated,/Users/julialiu/Documents/M_Thesis/PS_original/Gr_boxes/GreenlandPeriph_BoxesUpdated.shp,3854.246
0,606,GreenlandPeriph_BoxesUpdated,/Users/julialiu/Documents/M_Thesis/PS_original/Gr_boxes/GreenlandPeriph_BoxesUpdated.shp,1312.4345
0,607,GreenlandPeriph_BoxesUpdated,/Users/julialiu/Documents/M_Thesis/PS_original/Gr_boxes/GreenlandPeriph_BoxesUpdated.shp,1006.708
0,608,GreenlandPeriph_BoxesUpdated,/Users/julialiu/Documents/M_Thesis/PS_original/Gr_boxes/GreenlandPeriph_BoxesUpdated.shp,2633.2444
0,609,GreenlandPeriph_BoxesUpdated,/Users/julialiu/Documents/M_Thesis/PS_original/Gr_boxes/GreenlandPeriph_BoxesUpdated.shp,1459.7514
0,610,GreenlandPeriph_BoxesUpdated,/Users/julialiu/Documents/M_Thesis/PS_original/Gr_boxes/GreenlandPeriph_BoxesUpdated.shp,3557.7932
0,611,GreenlandPeriph_BoxesUpdated,/Users/julialiu/Documents/M_Thesis/PS_original/Gr_boxes/GreenlandPeriph_BoxesUpdated.shp,1570.2261
0,612,GreenlandPeriph_BoxesUpdated,/Users/julialiu/Documents/M_Thesis/PS_original/Gr_boxes/GreenlandPeriph_BoxesUpdated.shp,3055.6046
0,613,GreenlandPeriph_BoxesUpdated,/Users/julialiu/Documents/M_Thesis/PS_original/Gr_boxes/GreenlandPeriph_BoxesUpdated.shp,5165.2394
0,614,GreenlandPeriph_BoxesUpdated,/Users/julialiu/Documents/M_Thesis/PS_original/Gr_boxes/GreenlandPeriph_BoxesUpdated.shp,2965.9721
0,615,GreenlandPeriph_BoxesUpdated,/Users/julialiu/Documents/M_Thesis/PS_original/Gr_boxes/GreenlandPeriph_BoxesUpdated.shp,1547.0471
0,616,GreenlandPeriph_BoxesUpdated,/Users/julialiu/Documents/M_Thesis/PS_original/Gr_boxes/GreenlandPeriph_BoxesUpdated.shp,4169.2069
0,617,GreenlandPeriph_BoxesUpdated,/Users/julialiu/Documents/M_Thesis/PS_original/Gr_boxes/GreenlandPeriph_BoxesUpdated.shp,2331.9482
0,618,GreenlandPeriph_BoxesUpdated,/Users/julialiu/Documents/M_Thesis/PS_original/Gr_boxes/GreenlandPeriph_BoxesUpdated.shp,4480.7915
0,619,GreenlandPeriph_BoxesUpdated,/Users/julialiu/Documents/M_Thesis/PS_original/Gr_boxes/GreenlandPeriph_BoxesUpdated.shp,2278.1833
0,620,GreenlandPeriph_BoxesUpdated,/Users/julialiu/Documents/M_Thesis/PS_original/Gr_boxes/GreenlandPeriph_BoxesUpdated.shp,4738.8836
0,621,GreenlandPeriph_BoxesUpdated,/Users/julialiu/Documents/M_Thesis/PS_original/Gr_boxes/GreenlandPeriph_BoxesUpdated.shp,3770.8554
0,622,GreenlandPeriph_BoxesUpdated,/Users/julialiu/Documents/M_Thesis/PS_original/Gr_boxes/GreenlandPeriph_BoxesUpdated.shp,2772.8329
0,623,GreenlandPeriph_BoxesUpdated,/Users/julialiu/Documents/M_Thesis/PS_original/Gr_boxes/GreenlandPeriph_BoxesUpdated.shp,6325.6709
0,624,GreenlandPeriph_BoxesUpdated,/Users/julialiu/Documents/M_Thesis/PS_original/Gr_boxes/GreenlandPeriph_BoxesUpdated.shp,1462.2144
0,625,GreenlandPeriph_BoxesUpdated,/Users/julialiu/Documents/M_Thesis/PS_original/Gr_boxes/GreenlandPeriph_BoxesUpdated.shp,1426.9536
0,626,GreenlandPeriph_BoxesUpdated,/Users/julialiu/Documents/M_Thesis/PS_original/Gr_boxes/GreenlandPeriph_BoxesUpdated.shp,6033.9328
0,627,GreenlandPeriph_BoxesUpdated,/Users/julialiu/Documents/M_Thesis/PS_original/Gr_boxes/GreenlandPeriph_BoxesUpdated.shp,2515.5575
0,628,GreenlandPeriph_BoxesUpdated,/Users/julialiu/Documents/M_Thesis/PS_original/Gr_boxes/GreenlandPeriph_BoxesUpdated.shp,1650.8852
0,629,GreenlandPeriph_BoxesUpdated,/Users/julialiu/Documents/M_Thesis/PS_original/Gr_boxes/GreenlandPeriph_BoxesUpdated.shp,3116.9621
0,630,GreenlandPeriph_BoxesUpdated,/Users/julialiu/Documents/M_Thesis/PS_original/Gr_boxes/GreenlandPeriph_BoxesUpdated.shp,2459.9084
0,631,GreenlandPeriph_BoxesUpdated,/Users/julialiu/Documents/M_Thesis/PS_original/Gr_boxes/GreenlandPeriph_BoxesUpdated.shp,4037.0291
0,632,GreenlandPeriph_BoxesUpdated,/Users/julialiu/Documents/M_Thesis/PS_original/Gr_boxes/GreenlandPeriph_BoxesUpdated.shp,3690.6086
0,633,GreenlandPeriph_BoxesUpdated,/Users/julialiu/Documents/M_Thesis/PS_original/Gr_boxes/GreenlandPeriph_BoxesUpdated.shp,4247.7616
0,634,GreenlandPeriph_BoxesUpdated,/Users/julialiu/Documents/M_Thesis/PS_original/Gr_boxes/GreenlandPeriph_BoxesUpdated.shp,1994.9721
0,635,GreenlandPeriph_BoxesUpdated,/Users/julialiu/Documents/M_Thesis/PS_original/Gr_boxes/GreenlandPeriph_BoxesUpdated.shp,3045.1485
0,636,GreenlandPeriph_BoxesUpdated,/Users/julialiu/Documents/M_Thesis/PS_original/Gr_boxes/GreenlandPeriph_BoxesUpdated.shp,7539.3171
0,637,GreenlandPeriph_BoxesUpdated,/Users/julialiu/Documents/M_Thesis/PS_original/Gr_boxes/GreenlandPeriph_BoxesUpdated.shp,6414.1402
0,638,GreenlandPeriph_BoxesUpdated,/Users/julialiu/Documents/M_Thesis/PS_original/Gr_boxes/GreenlandPeriph_BoxesUpdated.shp,3443.1996
0,639,GreenlandPeriph_BoxesUpdated,/Users/julialiu/Documents/M_Thesis/PS_original/Gr_boxes/GreenlandPeriph_BoxesUpdated.shp,2576.3155
0,640,GreenlandPeriph_BoxesUpdated,/Users/julialiu/Documents/M_Thesis/PS_original/Gr_boxes/GreenlandPeriph_BoxesUpdated.shp,3368.7875
0,641,GreenlandPeriph_BoxesUpdated,/Users/julialiu/Documents/M_Thesis/PS_original/Gr_boxes/GreenlandPeriph_BoxesUpdated.shp,12039.202